{"repoSenseVersion":"aa607de1ce","reportGeneratedTime":"Sat Feb 11 09:17:56 2023 UTC+08:00","reportGenerationTime":" 0.96 second(s)","zoneId":"UTC+08:00","reportTitle":"TIC4002 iP Code Dashboard","repos":[{"location":{"location":"https://github.com/roshankumar1991/ip.git","repoName":"ip","organization":"roshankumar1991","domainName":"github"},"branch":"master","displayName":"roshankumar1991/ip[master]","outputFolderName":"roshankumar1991_ip_master"},{"location":{"location":"https://github.com/hana-oxy/ip.git","repoName":"ip","organization":"hana-oxy","domainName":"github"},"branch":"master","displayName":"hana-oxy/ip[master]","outputFolderName":"hana-oxy_ip_master"},{"location":{"location":"https://github.com/badassengineer/ip.git","repoName":"ip","organization":"badassengineer","domainName":"github"},"branch":"master","displayName":"badassengineer/ip[master]","outputFolderName":"badassengineer_ip_master"},{"location":{"location":"https://github.com/Opkko/ip.git","repoName":"ip","organization":"Opkko","domainName":"github"},"branch":"master","displayName":"Opkko/ip[master]","outputFolderName":"Opkko_ip_master"}],"errorSet":[],"sinceDate":"2023-01-13","untilDate":"2023-02-11","isSinceDateProvided":true,"isUntilDateProvided":false,"supportedDomainUrlMap":{"NOT_RECOGNIZED":{"BRANCH":"","REPO_URL":"UNSUPPORTED","BASE_URL":"UNSUPPORTED","HISTORY_PATH":"","COMMIT_PATH":"","BLAME_PATH":""},"github":{"BRANCH":"tree/$BRANCH","REPO_URL":"https://github.com/$ORGANIZATION/$REPO_NAME/","BASE_URL":"https://github.com/","HISTORY_PATH":"commits/$BRANCH/$FILE_PATH","COMMIT_PATH":"commit/$COMMIT_HASH","BLAME_PATH":"blame/$BRANCH/$FILE_PATH"}}}
