[{"path":"build.gradle","fileType":"gradle","lines":[{"lineNumber":1,"author":{"gitId":"roshankumar1991"},"content":"plugins {","lastModifiedDate":"2023-02-13"},{"lineNumber":2,"author":{"gitId":"roshankumar1991"},"content":"    id \u0027java\u0027","lastModifiedDate":"2023-02-13"},{"lineNumber":3,"author":{"gitId":"roshankumar1991"},"content":"    id \u0027application\u0027","lastModifiedDate":"2023-02-13"},{"lineNumber":4,"author":{"gitId":"roshankumar1991"},"content":"    id \u0027com.github.johnrengelman.shadow\u0027 version \u00275.1.0\u0027","lastModifiedDate":"2023-02-13"},{"lineNumber":5,"author":{"gitId":"roshankumar1991"},"content":"}","lastModifiedDate":"2023-02-13"},{"lineNumber":6,"author":{"gitId":"roshankumar1991"},"content":"","lastModifiedDate":"2023-02-13"},{"lineNumber":7,"author":{"gitId":"roshankumar1991"},"content":"repositories {","lastModifiedDate":"2023-02-13"},{"lineNumber":8,"author":{"gitId":"roshankumar1991"},"content":"    mavenCentral()","lastModifiedDate":"2023-02-13"},{"lineNumber":9,"author":{"gitId":"roshankumar1991"},"content":"}","lastModifiedDate":"2023-02-13"},{"lineNumber":10,"author":{"gitId":"roshankumar1991"},"content":"","lastModifiedDate":"2023-02-13"},{"lineNumber":11,"author":{"gitId":"roshankumar1991"},"content":"dependencies {","lastModifiedDate":"2023-02-13"},{"lineNumber":12,"author":{"gitId":"roshankumar1991"},"content":"    testImplementation group: \u0027org.junit.jupiter\u0027, name: \u0027junit-jupiter-api\u0027, version: \u00275.5.0\u0027","lastModifiedDate":"2023-02-13"},{"lineNumber":13,"author":{"gitId":"roshankumar1991"},"content":"    testRuntimeOnly group: \u0027org.junit.jupiter\u0027, name: \u0027junit-jupiter-engine\u0027, version: \u00275.5.0\u0027","lastModifiedDate":"2023-02-13"},{"lineNumber":14,"author":{"gitId":"roshankumar1991"},"content":"}","lastModifiedDate":"2023-02-13"},{"lineNumber":15,"author":{"gitId":"roshankumar1991"},"content":"","lastModifiedDate":"2023-02-13"},{"lineNumber":16,"author":{"gitId":"roshankumar1991"},"content":"test {","lastModifiedDate":"2023-02-13"},{"lineNumber":17,"author":{"gitId":"roshankumar1991"},"content":"    useJUnitPlatform()","lastModifiedDate":"2023-02-13"},{"lineNumber":18,"author":{"gitId":"roshankumar1991"},"content":"","lastModifiedDate":"2023-02-13"},{"lineNumber":19,"author":{"gitId":"roshankumar1991"},"content":"    testLogging {","lastModifiedDate":"2023-02-13"},{"lineNumber":20,"author":{"gitId":"roshankumar1991"},"content":"        events \"passed\", \"skipped\", \"failed\"","lastModifiedDate":"2023-02-13"},{"lineNumber":21,"author":{"gitId":"roshankumar1991"},"content":"","lastModifiedDate":"2023-02-13"},{"lineNumber":22,"author":{"gitId":"roshankumar1991"},"content":"        showExceptions true","lastModifiedDate":"2023-02-13"},{"lineNumber":23,"author":{"gitId":"roshankumar1991"},"content":"        exceptionFormat \"full\"","lastModifiedDate":"2023-02-13"},{"lineNumber":24,"author":{"gitId":"roshankumar1991"},"content":"        showCauses true","lastModifiedDate":"2023-02-13"},{"lineNumber":25,"author":{"gitId":"roshankumar1991"},"content":"        showStackTraces true","lastModifiedDate":"2023-02-13"},{"lineNumber":26,"author":{"gitId":"roshankumar1991"},"content":"        showStandardStreams \u003d false","lastModifiedDate":"2023-02-13"},{"lineNumber":27,"author":{"gitId":"roshankumar1991"},"content":"    }","lastModifiedDate":"2023-02-13"},{"lineNumber":28,"author":{"gitId":"roshankumar1991"},"content":"}","lastModifiedDate":"2023-02-13"},{"lineNumber":29,"author":{"gitId":"roshankumar1991"},"content":"","lastModifiedDate":"2023-02-13"},{"lineNumber":30,"author":{"gitId":"roshankumar1991"},"content":"application {","lastModifiedDate":"2023-02-13"},{"lineNumber":31,"author":{"gitId":"roshankumar1991"},"content":"    mainClassName \u003d \"seedu.duke.Duke\"","lastModifiedDate":"2023-02-13"},{"lineNumber":32,"author":{"gitId":"roshankumar1991"},"content":"}","lastModifiedDate":"2023-02-13"},{"lineNumber":33,"author":{"gitId":"roshankumar1991"},"content":"","lastModifiedDate":"2023-02-13"},{"lineNumber":34,"author":{"gitId":"roshankumar1991"},"content":"shadowJar {","lastModifiedDate":"2023-02-13"},{"lineNumber":35,"author":{"gitId":"roshankumar1991"},"content":"    archiveBaseName \u003d \"duke\"","lastModifiedDate":"2023-02-13"},{"lineNumber":36,"author":{"gitId":"roshankumar1991"},"content":"    archiveClassifier \u003d null","lastModifiedDate":"2023-02-13"},{"lineNumber":37,"author":{"gitId":"roshankumar1991"},"content":"}","lastModifiedDate":"2023-02-13"},{"lineNumber":38,"author":{"gitId":"roshankumar1991"},"content":"","lastModifiedDate":"2023-02-13"},{"lineNumber":39,"author":{"gitId":"roshankumar1991"},"content":"run{","lastModifiedDate":"2023-02-13"},{"lineNumber":40,"author":{"gitId":"roshankumar1991"},"content":"    standardInput \u003d System.in","lastModifiedDate":"2023-02-13"},{"lineNumber":41,"author":{"gitId":"roshankumar1991"},"content":"}","lastModifiedDate":"2023-02-13"}],"authorContributionMap":{"roshankumar1991":41}},{"path":"src/main/java/command/Duke.java","fileType":"java","lines":[{"lineNumber":1,"author":{"gitId":"-"},"content":"package command;","lastModifiedDate":"2022-09-09"},{"lineNumber":2,"author":{"gitId":"-"},"content":"import task.DukeException;","lastModifiedDate":"2022-09-18"},{"lineNumber":3,"author":{"gitId":"-"},"content":"import java.io.IOException;","lastModifiedDate":"2022-09-19"},{"lineNumber":4,"author":{"gitId":"-"},"content":"","lastModifiedDate":"2022-09-18"},{"lineNumber":5,"author":{"gitId":"-"},"content":"/**","lastModifiedDate":"2022-09-18"},{"lineNumber":6,"author":{"gitId":"-"},"content":" * \u003ch2\u003e Duke, your personalized task manager \u003c/h2\u003e","lastModifiedDate":"2022-09-18"},{"lineNumber":7,"author":{"gitId":"roshankumar1991"},"content":" * \u003cbr\u003eThis task manager shall assist to add / remove various tasks that might include their estimated completion dates.","lastModifiedDate":"2023-02-13"},{"lineNumber":8,"author":{"gitId":"roshankumar1991"},"content":" * \u003cbr\u003eIt also allows you to view your current tasks, check if they have been completed.","lastModifiedDate":"2023-02-13"},{"lineNumber":9,"author":{"gitId":"-"},"content":" * \u003cp\u003e","lastModifiedDate":"2022-09-18"},{"lineNumber":10,"author":{"gitId":"-"},"content":" * Its error-detection and user-input flexibility makes this task manager more functional and user-friendly.","lastModifiedDate":"2022-09-18"},{"lineNumber":11,"author":{"gitId":"-"},"content":" * \u003cbr\u003eHope you enjoy using this task manager !","lastModifiedDate":"2022-09-18"},{"lineNumber":12,"author":{"gitId":"-"},"content":" *","lastModifiedDate":"2022-09-18"},{"lineNumber":13,"author":{"gitId":"-"},"content":" * @author Roshan Kumar","lastModifiedDate":"2022-09-18"},{"lineNumber":14,"author":{"gitId":"-"},"content":" * @version 1.0","lastModifiedDate":"2022-09-18"},{"lineNumber":15,"author":{"gitId":"-"},"content":" * @since 18/09/2022","lastModifiedDate":"2022-09-18"},{"lineNumber":16,"author":{"gitId":"-"},"content":" */","lastModifiedDate":"2022-09-18"},{"lineNumber":17,"author":{"gitId":"-"},"content":"","lastModifiedDate":"2022-09-18"},{"lineNumber":18,"author":{"gitId":"-"},"content":"public class Duke {","lastModifiedDate":"2019-07-29"},{"lineNumber":19,"author":{"gitId":"-"},"content":"","lastModifiedDate":"2022-09-18"},{"lineNumber":20,"author":{"gitId":"-"},"content":"    /**","lastModifiedDate":"2022-09-18"},{"lineNumber":21,"author":{"gitId":"-"},"content":"     * This is the main method which does 2 key things to get the program started.","lastModifiedDate":"2022-09-18"},{"lineNumber":22,"author":{"gitId":"roshankumar1991"},"content":"     * \u003cbr\u003e  1. It loads any previously stored Tasks List into the current program, so you can continue from that point","lastModifiedDate":"2023-02-13"},{"lineNumber":23,"author":{"gitId":"-"},"content":"     * \u003cbr\u003e  2. It loads the UI class that starts the interaction with the user.","lastModifiedDate":"2022-09-18"},{"lineNumber":24,"author":{"gitId":"-"},"content":"     * @param args Unused.","lastModifiedDate":"2022-09-18"},{"lineNumber":25,"author":{"gitId":"-"},"content":"     * @throws DukeException Error thrown when user input is not complete or in an unreadable format.","lastModifiedDate":"2022-09-18"},{"lineNumber":26,"author":{"gitId":"-"},"content":"     * @see DukeException","lastModifiedDate":"2022-09-18"},{"lineNumber":27,"author":{"gitId":"-"},"content":"     */","lastModifiedDate":"2022-09-18"},{"lineNumber":28,"author":{"gitId":"-"},"content":"","lastModifiedDate":"2022-09-18"},{"lineNumber":29,"author":{"gitId":"-"},"content":"    public static void main(String[] args) throws DukeException, IOException {","lastModifiedDate":"2022-09-19"},{"lineNumber":30,"author":{"gitId":"-"},"content":"        Ui.main(); //Start interaction with User","lastModifiedDate":"2022-09-19"},{"lineNumber":31,"author":{"gitId":"-"},"content":"    }","lastModifiedDate":"2019-07-29"},{"lineNumber":32,"author":{"gitId":"-"},"content":"}","lastModifiedDate":"2019-07-29"}],"authorContributionMap":{"-":29,"roshankumar1991":3}}]
