{"authorDailyContributionsMap":{"roshankumar1991":[{"date":"2023-02-13","commitResults":[{"hash":"3fcfc686df07d038caa5ac4551bfcdc71b1a8e30","isMergeCommit":false,"messageTitle":"A-Gradle","messageBody":"","tags":["A-Gradle"],"fileTypesAndContributionMap":{"gradle":{"insertions":41,"deletions":0},"txt":{"insertions":0,"deletions":1}}},{"hash":"f38a5f5eb4150d370a3cba2b883b90b01c932a75","isMergeCommit":false,"messageTitle":"A-CheckStyle","messageBody":"","tags":["A-CheckStyle"],"fileTypesAndContributionMap":{"java":{"insertions":4,"deletions":4}}}]}]},"authorFileTypeContributionMap":{"roshankumar1991":{"java":3,"md":0,"fxml":0,"sh":0,"bat":0,"gradle":41,"txt":0}},"authorContributionVariance":{"roshankumar1991":75.68359},"authorDisplayNameMap":{"roshankumar1991":"TIC4002-F16-1 ROSH..UMAR"}}
