{"authorDailyContributionsMap":{"Opkko":[{"date":"2023-04-24","commitResults":[{"hash":"a66c3d65f76b943b4d865899e0f3ad40e0361954","isMergeCommit":false,"messageTitle":"Commit new JavaFX Features","messageBody":"","fileTypesAndContributionMap":{"txt":{"insertions":6,"deletions":6},"fxml":{"insertions":36,"deletions":0},"java":{"insertions":158,"deletions":14},"md":{"insertions":12,"deletions":1}}},{"hash":"3e1dafa11c01acb7e69be3aa9ba32d049d759e6f","isMergeCommit":true,"messageTitle":"Merge branch \u0027master\u0027 of https://github.com/Opkko/ip","messageBody":"","tags":["v3.0"],"fileTypesAndContributionMap":{}}]}]},"authorFileTypeContributionMap":{"Opkko":{"java":157,"md":12,"fxml":36,"sh":0,"bat":0,"gradle":0,"txt":0}},"authorContributionVariance":{"Opkko":527.027},"authorDisplayNameMap":{"Opkko":"TIC4002-F16-1 LIM ..KANG"}}
