[{"path":"data/appointments.txt","fileType":"txt","lines":[{"lineNumber":1,"author":{"gitId":"hana-oxy"},"content":"Meet CEO | 12/05/2023 | Meeting with CEO of Google to discuss startup plans","lastModifiedDate":"2023-02-20"},{"lineNumber":2,"author":{"gitId":"hana-oxy"},"content":"Date with boyfriend | 28/03/2023 | Movie and dinner with my love","lastModifiedDate":"2023-02-20"},{"lineNumber":3,"author":{"gitId":"hana-oxy"},"content":"Workout with Jenny | 27/03/2023 | Going to YOGA bootcamp with my bestie","lastModifiedDate":"2023-02-20"},{"lineNumber":4,"author":{"gitId":"hana-oxy"},"content":"Business Trip to Tokyo | 04/04/2023 | Traveling to Japan for a business trip","lastModifiedDate":"2023-02-20"},{"lineNumber":5,"author":{"gitId":"hana-oxy"},"content":"Purchase Insulin | 09/04/2023 | Purchasing Insulin at Drugstore for diabetic grandfather","lastModifiedDate":"2023-02-20"},{"lineNumber":6,"author":{"gitId":"hana-oxy"},"content":"Mayday Holiday Adventure | 01/05/2023 | Visiting Chinese Gardens on this public holiday","lastModifiedDate":"2023-02-20"}],"authorContributionMap":{"hana-oxy":6}},{"path":"src/main/Duke.java","fileType":"java","lines":[{"lineNumber":1,"author":{"gitId":"hana-oxy"},"content":"package main;","lastModifiedDate":"2023-02-22"},{"lineNumber":2,"author":{"gitId":"hana-oxy"},"content":"","lastModifiedDate":"2023-02-22"},{"lineNumber":3,"author":{"gitId":"hana-oxy"},"content":"import javafx.application.Application;","lastModifiedDate":"2023-02-22"},{"lineNumber":4,"author":{"gitId":"hana-oxy"},"content":"import javafx.fxml.FXMLLoader;","lastModifiedDate":"2023-02-22"},{"lineNumber":5,"author":{"gitId":"hana-oxy"},"content":"import javafx.scene.Scene;","lastModifiedDate":"2023-02-22"},{"lineNumber":6,"author":{"gitId":"hana-oxy"},"content":"import javafx.scene.image.Image;","lastModifiedDate":"2023-02-22"},{"lineNumber":7,"author":{"gitId":"hana-oxy"},"content":"import javafx.scene.layout.AnchorPane;","lastModifiedDate":"2023-02-22"},{"lineNumber":8,"author":{"gitId":"hana-oxy"},"content":"import javafx.scene.layout.BorderPane;","lastModifiedDate":"2023-02-22"},{"lineNumber":9,"author":{"gitId":"hana-oxy"},"content":"import javafx.stage.Modality;","lastModifiedDate":"2023-02-22"},{"lineNumber":10,"author":{"gitId":"hana-oxy"},"content":"import javafx.stage.Stage;","lastModifiedDate":"2023-02-22"},{"lineNumber":11,"author":{"gitId":"hana-oxy"},"content":"import main.model.Drug;","lastModifiedDate":"2023-02-22"},{"lineNumber":12,"author":{"gitId":"hana-oxy"},"content":"import main.model.DrugList;","lastModifiedDate":"2023-02-22"},{"lineNumber":13,"author":{"gitId":"hana-oxy"},"content":"import main.model.DrugManagerException;","lastModifiedDate":"2023-02-22"},{"lineNumber":14,"author":{"gitId":"hana-oxy"},"content":"import main.model.Storage;","lastModifiedDate":"2023-02-22"},{"lineNumber":15,"author":{"gitId":"hana-oxy"},"content":"import main.view.DrugEditDialogController;","lastModifiedDate":"2023-02-22"},{"lineNumber":16,"author":{"gitId":"hana-oxy"},"content":"import main.view.DrugOverviewController;","lastModifiedDate":"2023-02-22"},{"lineNumber":17,"author":{"gitId":"hana-oxy"},"content":"import main.view.RootLayoutController;","lastModifiedDate":"2023-02-22"},{"lineNumber":18,"author":{"gitId":"hana-oxy"},"content":"","lastModifiedDate":"2023-02-22"},{"lineNumber":19,"author":{"gitId":"hana-oxy"},"content":"import java.io.File;","lastModifiedDate":"2023-02-22"},{"lineNumber":20,"author":{"gitId":"hana-oxy"},"content":"import java.io.IOException;","lastModifiedDate":"2023-02-22"},{"lineNumber":21,"author":{"gitId":"hana-oxy"},"content":"import java.util.prefs.Preferences;","lastModifiedDate":"2023-02-22"},{"lineNumber":22,"author":{"gitId":"hana-oxy"},"content":"","lastModifiedDate":"2023-02-22"},{"lineNumber":23,"author":{"gitId":"hana-oxy"},"content":"public class Duke extends Application {","lastModifiedDate":"2023-02-22"},{"lineNumber":24,"author":{"gitId":"hana-oxy"},"content":"","lastModifiedDate":"2023-02-22"},{"lineNumber":25,"author":{"gitId":"hana-oxy"},"content":"    private Storage storage;","lastModifiedDate":"2023-02-22"},{"lineNumber":26,"author":{"gitId":"hana-oxy"},"content":"    private Stage primaryStage;","lastModifiedDate":"2023-02-22"},{"lineNumber":27,"author":{"gitId":"hana-oxy"},"content":"    private BorderPane rootLayout;","lastModifiedDate":"2023-02-22"},{"lineNumber":28,"author":{"gitId":"hana-oxy"},"content":"","lastModifiedDate":"2023-02-22"},{"lineNumber":29,"author":{"gitId":"hana-oxy"},"content":"    /**","lastModifiedDate":"2023-02-22"},{"lineNumber":30,"author":{"gitId":"hana-oxy"},"content":"     * The data as an observable list of {@link Appointment}.","lastModifiedDate":"2023-02-22"},{"lineNumber":31,"author":{"gitId":"hana-oxy"},"content":"     */","lastModifiedDate":"2023-02-22"},{"lineNumber":32,"author":{"gitId":"hana-oxy"},"content":"    private AppointmentList appointments \u003d new AppointmentList();","lastModifiedDate":"2023-02-22"},{"lineNumber":33,"author":{"gitId":"hana-oxy"},"content":"","lastModifiedDate":"2023-02-22"},{"lineNumber":34,"author":{"gitId":"hana-oxy"},"content":"    /**","lastModifiedDate":"2023-02-22"},{"lineNumber":35,"author":{"gitId":"hana-oxy"},"content":"     * Constructor","lastModifiedDate":"2023-02-22"},{"lineNumber":36,"author":{"gitId":"hana-oxy"},"content":"     */","lastModifiedDate":"2023-02-22"},{"lineNumber":37,"author":{"gitId":"hana-oxy"},"content":"    public AppointmentManagerMain() {","lastModifiedDate":"2023-02-22"},{"lineNumber":38,"author":{"gitId":"hana-oxy"},"content":"        // populate with data","lastModifiedDate":"2023-02-22"},{"lineNumber":39,"author":{"gitId":"hana-oxy"},"content":"        // load drug values from txt","lastModifiedDate":"2023-02-22"},{"lineNumber":40,"author":{"gitId":"hana-oxy"},"content":"        storage \u003d new Storage(\"data/appointments.txt\");","lastModifiedDate":"2023-02-22"},{"lineNumber":41,"author":{"gitId":"hana-oxy"},"content":"        try {","lastModifiedDate":"2023-02-22"},{"lineNumber":42,"author":{"gitId":"hana-oxy"},"content":"            appointments \u003d storage.load();","lastModifiedDate":"2023-02-22"},{"lineNumber":43,"author":{"gitId":"hana-oxy"},"content":"        } catch (DrugManagerException e) {","lastModifiedDate":"2023-02-22"},{"lineNumber":44,"author":{"gitId":"hana-oxy"},"content":"            e.printStackTrace();","lastModifiedDate":"2023-02-22"},{"lineNumber":45,"author":{"gitId":"hana-oxy"},"content":"        }","lastModifiedDate":"2023-02-22"},{"lineNumber":46,"author":{"gitId":"hana-oxy"},"content":"    }","lastModifiedDate":"2023-02-22"},{"lineNumber":47,"author":{"gitId":"hana-oxy"},"content":"","lastModifiedDate":"2023-02-22"},{"lineNumber":48,"author":{"gitId":"hana-oxy"},"content":"    /**","lastModifiedDate":"2023-02-22"},{"lineNumber":49,"author":{"gitId":"hana-oxy"},"content":"     * Returns the drug file preference, i.e. the file that was last opened.","lastModifiedDate":"2023-02-22"},{"lineNumber":50,"author":{"gitId":"hana-oxy"},"content":"     * The preference is read from the OS specific registry. If no such","lastModifiedDate":"2023-02-22"},{"lineNumber":51,"author":{"gitId":"hana-oxy"},"content":"     * preference can be found, null is returned.","lastModifiedDate":"2023-02-22"},{"lineNumber":52,"author":{"gitId":"hana-oxy"},"content":"     *","lastModifiedDate":"2023-02-22"},{"lineNumber":53,"author":{"gitId":"hana-oxy"},"content":"     * @return","lastModifiedDate":"2023-02-22"},{"lineNumber":54,"author":{"gitId":"hana-oxy"},"content":"     */","lastModifiedDate":"2023-02-22"},{"lineNumber":55,"author":{"gitId":"hana-oxy"},"content":"    public File getFilePath() {","lastModifiedDate":"2023-02-22"},{"lineNumber":56,"author":{"gitId":"hana-oxy"},"content":"        Preferences prefs \u003d Preferences.userNodeForPackage(Duke.class);","lastModifiedDate":"2023-02-22"},{"lineNumber":57,"author":{"gitId":"hana-oxy"},"content":"        String filePath \u003d prefs.get(\"filePath\", null);","lastModifiedDate":"2023-02-22"},{"lineNumber":58,"author":{"gitId":"hana-oxy"},"content":"        if (filePath !\u003d null) {","lastModifiedDate":"2023-02-22"},{"lineNumber":59,"author":{"gitId":"hana-oxy"},"content":"            return new File(filePath);","lastModifiedDate":"2023-02-22"},{"lineNumber":60,"author":{"gitId":"hana-oxy"},"content":"        } else {","lastModifiedDate":"2023-02-22"},{"lineNumber":61,"author":{"gitId":"hana-oxy"},"content":"            return null;","lastModifiedDate":"2023-02-22"},{"lineNumber":62,"author":{"gitId":"hana-oxy"},"content":"        }","lastModifiedDate":"2023-02-22"},{"lineNumber":63,"author":{"gitId":"hana-oxy"},"content":"    }","lastModifiedDate":"2023-02-22"},{"lineNumber":64,"author":{"gitId":"hana-oxy"},"content":"","lastModifiedDate":"2023-02-22"},{"lineNumber":65,"author":{"gitId":"hana-oxy"},"content":"    /**","lastModifiedDate":"2023-02-22"},{"lineNumber":66,"author":{"gitId":"hana-oxy"},"content":"     * Sets the file path of the currently loaded file. The path is persisted in","lastModifiedDate":"2023-02-22"},{"lineNumber":67,"author":{"gitId":"hana-oxy"},"content":"     * the OS specific registry.","lastModifiedDate":"2023-02-22"},{"lineNumber":68,"author":{"gitId":"hana-oxy"},"content":"     *","lastModifiedDate":"2023-02-22"},{"lineNumber":69,"author":{"gitId":"hana-oxy"},"content":"     * @param file the file or null to remove the path","lastModifiedDate":"2023-02-22"},{"lineNumber":70,"author":{"gitId":"hana-oxy"},"content":"     */","lastModifiedDate":"2023-02-22"},{"lineNumber":71,"author":{"gitId":"hana-oxy"},"content":"    public void setFilePath(File file) {","lastModifiedDate":"2023-02-22"},{"lineNumber":72,"author":{"gitId":"hana-oxy"},"content":"        Preferences prefs \u003d Preferences.userNodeForPackage(Duke.class);","lastModifiedDate":"2023-02-22"},{"lineNumber":73,"author":{"gitId":"hana-oxy"},"content":"        if (file !\u003d null) {","lastModifiedDate":"2023-02-22"},{"lineNumber":74,"author":{"gitId":"hana-oxy"},"content":"            prefs.put(\"filePath\", file.getPath());","lastModifiedDate":"2023-02-22"},{"lineNumber":75,"author":{"gitId":"hana-oxy"},"content":"            // Update the stage title.","lastModifiedDate":"2023-02-22"},{"lineNumber":76,"author":{"gitId":"hana-oxy"},"content":"            primaryStage.setTitle(\"Duke - \" + file.getName());","lastModifiedDate":"2023-02-22"},{"lineNumber":77,"author":{"gitId":"hana-oxy"},"content":"        } else {","lastModifiedDate":"2023-02-22"},{"lineNumber":78,"author":{"gitId":"hana-oxy"},"content":"            prefs.remove(\"filePath\");","lastModifiedDate":"2023-02-22"},{"lineNumber":79,"author":{"gitId":"hana-oxy"},"content":"","lastModifiedDate":"2023-02-22"},{"lineNumber":80,"author":{"gitId":"hana-oxy"},"content":"            // Update the stage title.","lastModifiedDate":"2023-02-22"},{"lineNumber":81,"author":{"gitId":"hana-oxy"},"content":"            primaryStage.setTitle(\"Duke - Your Appointment Management Application\");","lastModifiedDate":"2023-02-22"},{"lineNumber":82,"author":{"gitId":"hana-oxy"},"content":"        }","lastModifiedDate":"2023-02-22"},{"lineNumber":83,"author":{"gitId":"hana-oxy"},"content":"    }","lastModifiedDate":"2023-02-22"},{"lineNumber":84,"author":{"gitId":"hana-oxy"},"content":"","lastModifiedDate":"2023-02-22"},{"lineNumber":85,"author":{"gitId":"hana-oxy"},"content":"    /** Sorts the observable list of {@link Appointment} objects","lastModifiedDate":"2023-02-22"},{"lineNumber":86,"author":{"gitId":"hana-oxy"},"content":"     * into their respective lists*/","lastModifiedDate":"2023-02-22"},{"lineNumber":87,"author":{"gitId":"hana-oxy"},"content":"    public AppointmentList getAppointmentData() {","lastModifiedDate":"2023-02-22"},{"lineNumber":88,"author":{"gitId":"hana-oxy"},"content":"        return appointments;","lastModifiedDate":"2023-02-22"},{"lineNumber":89,"author":{"gitId":"hana-oxy"},"content":"    }","lastModifiedDate":"2023-02-22"},{"lineNumber":90,"author":{"gitId":"hana-oxy"},"content":"","lastModifiedDate":"2023-02-22"},{"lineNumber":91,"author":{"gitId":"hana-oxy"},"content":"    @Override","lastModifiedDate":"2023-02-22"},{"lineNumber":92,"author":{"gitId":"hana-oxy"},"content":"    public void start(Stage primaryStage) throws Exception {","lastModifiedDate":"2023-02-22"},{"lineNumber":93,"author":{"gitId":"hana-oxy"},"content":"        this.primaryStage \u003d primaryStage;","lastModifiedDate":"2023-02-22"},{"lineNumber":94,"author":{"gitId":"hana-oxy"},"content":"        this.primaryStage.setTitle(\"Duke - Your Appointment Management Application\");","lastModifiedDate":"2023-02-22"},{"lineNumber":95,"author":{"gitId":"hana-oxy"},"content":"","lastModifiedDate":"2023-02-22"},{"lineNumber":96,"author":{"gitId":"hana-oxy"},"content":"        // Set the application icon.","lastModifiedDate":"2023-02-22"},{"lineNumber":97,"author":{"gitId":"hana-oxy"},"content":"        this.primaryStage.getIcons().add(new Image(\"file:resources/images/duke.png\"));","lastModifiedDate":"2023-02-22"},{"lineNumber":98,"author":{"gitId":"hana-oxy"},"content":"","lastModifiedDate":"2023-02-22"},{"lineNumber":99,"author":{"gitId":"hana-oxy"},"content":"        initRootLayout();","lastModifiedDate":"2023-02-22"},{"lineNumber":100,"author":{"gitId":"hana-oxy"},"content":"        showAppointmentOverview();","lastModifiedDate":"2023-02-22"},{"lineNumber":101,"author":{"gitId":"hana-oxy"},"content":"    }","lastModifiedDate":"2023-02-22"},{"lineNumber":102,"author":{"gitId":"hana-oxy"},"content":"","lastModifiedDate":"2023-02-22"},{"lineNumber":103,"author":{"gitId":"hana-oxy"},"content":"    /**","lastModifiedDate":"2023-02-22"},{"lineNumber":104,"author":{"gitId":"hana-oxy"},"content":"     * Initializes the root layout.","lastModifiedDate":"2023-02-22"},{"lineNumber":105,"author":{"gitId":"hana-oxy"},"content":"     */","lastModifiedDate":"2023-02-22"},{"lineNumber":106,"author":{"gitId":"hana-oxy"},"content":"    public void initRootLayout() {","lastModifiedDate":"2023-02-22"},{"lineNumber":107,"author":{"gitId":"hana-oxy"},"content":"        try {","lastModifiedDate":"2023-02-22"},{"lineNumber":108,"author":{"gitId":"hana-oxy"},"content":"            // Load root layout from fxml file.","lastModifiedDate":"2023-02-22"},{"lineNumber":109,"author":{"gitId":"hana-oxy"},"content":"            FXMLLoader loader \u003d new FXMLLoader();","lastModifiedDate":"2023-02-22"},{"lineNumber":110,"author":{"gitId":"hana-oxy"},"content":"            loader.setLocation(AppointmentManagerMain.class.getResource(\"view/RootLayout.fxml\"));","lastModifiedDate":"2023-02-22"},{"lineNumber":111,"author":{"gitId":"hana-oxy"},"content":"            rootLayout \u003d (BorderPane) loader.load();","lastModifiedDate":"2023-02-22"},{"lineNumber":112,"author":{"gitId":"hana-oxy"},"content":"","lastModifiedDate":"2023-02-22"},{"lineNumber":113,"author":{"gitId":"hana-oxy"},"content":"            // Show the scene containing the root layout.","lastModifiedDate":"2023-02-22"},{"lineNumber":114,"author":{"gitId":"hana-oxy"},"content":"            Scene scene \u003d new Scene(rootLayout);","lastModifiedDate":"2023-02-22"},{"lineNumber":115,"author":{"gitId":"hana-oxy"},"content":"            primaryStage.setScene(scene);","lastModifiedDate":"2023-02-22"},{"lineNumber":116,"author":{"gitId":"hana-oxy"},"content":"","lastModifiedDate":"2023-02-22"},{"lineNumber":117,"author":{"gitId":"hana-oxy"},"content":"            // Give the controller access to the main app.","lastModifiedDate":"2023-02-22"},{"lineNumber":118,"author":{"gitId":"hana-oxy"},"content":"            RootLayoutController controller \u003d loader.getController();","lastModifiedDate":"2023-02-22"},{"lineNumber":119,"author":{"gitId":"hana-oxy"},"content":"            controller.setMainApp(this);","lastModifiedDate":"2023-02-22"},{"lineNumber":120,"author":{"gitId":"hana-oxy"},"content":"","lastModifiedDate":"2023-02-22"},{"lineNumber":121,"author":{"gitId":"hana-oxy"},"content":"            primaryStage.show();","lastModifiedDate":"2023-02-22"},{"lineNumber":122,"author":{"gitId":"hana-oxy"},"content":"        } catch (IOException e) {","lastModifiedDate":"2023-02-22"},{"lineNumber":123,"author":{"gitId":"hana-oxy"},"content":"            e.printStackTrace();","lastModifiedDate":"2023-02-22"},{"lineNumber":124,"author":{"gitId":"hana-oxy"},"content":"        }","lastModifiedDate":"2023-02-22"},{"lineNumber":125,"author":{"gitId":"hana-oxy"},"content":"    }","lastModifiedDate":"2023-02-22"},{"lineNumber":126,"author":{"gitId":"hana-oxy"},"content":"","lastModifiedDate":"2023-02-22"},{"lineNumber":127,"author":{"gitId":"hana-oxy"},"content":"    /**","lastModifiedDate":"2023-02-22"},{"lineNumber":128,"author":{"gitId":"hana-oxy"},"content":"     * Shows the person overview inside the root layout.","lastModifiedDate":"2023-02-22"},{"lineNumber":129,"author":{"gitId":"hana-oxy"},"content":"     */","lastModifiedDate":"2023-02-22"},{"lineNumber":130,"author":{"gitId":"hana-oxy"},"content":"    public void showAppointmentOverview() {","lastModifiedDate":"2023-02-22"},{"lineNumber":131,"author":{"gitId":"hana-oxy"},"content":"        try {","lastModifiedDate":"2023-02-22"},{"lineNumber":132,"author":{"gitId":"hana-oxy"},"content":"            // Load person overview.","lastModifiedDate":"2023-02-22"},{"lineNumber":133,"author":{"gitId":"hana-oxy"},"content":"            FXMLLoader loader \u003d new FXMLLoader();","lastModifiedDate":"2023-02-22"},{"lineNumber":134,"author":{"gitId":"hana-oxy"},"content":"            loader.setLocation(Duke.class.getResource(\"view/AppointmentsOverview.fxml\"));","lastModifiedDate":"2023-02-22"},{"lineNumber":135,"author":{"gitId":"hana-oxy"},"content":"            BorderPane appointmentOverview \u003d loader.load();","lastModifiedDate":"2023-02-22"},{"lineNumber":136,"author":{"gitId":"hana-oxy"},"content":"","lastModifiedDate":"2023-02-22"},{"lineNumber":137,"author":{"gitId":"hana-oxy"},"content":"            // Set drug overview into the center of root layout.","lastModifiedDate":"2023-02-22"},{"lineNumber":138,"author":{"gitId":"hana-oxy"},"content":"            rootLayout.setCenter(appointmentOverview);","lastModifiedDate":"2023-02-22"},{"lineNumber":139,"author":{"gitId":"hana-oxy"},"content":"","lastModifiedDate":"2023-02-22"},{"lineNumber":140,"author":{"gitId":"hana-oxy"},"content":"            // Give the controller access to the main app.","lastModifiedDate":"2023-02-22"},{"lineNumber":141,"author":{"gitId":"hana-oxy"},"content":"            AppointmentOverviewController controller \u003d loader.getController();","lastModifiedDate":"2023-02-22"},{"lineNumber":142,"author":{"gitId":"hana-oxy"},"content":"            controller.setMainApp(this);","lastModifiedDate":"2023-02-22"},{"lineNumber":143,"author":{"gitId":"hana-oxy"},"content":"        } catch (IOException e) {","lastModifiedDate":"2023-02-22"},{"lineNumber":144,"author":{"gitId":"hana-oxy"},"content":"            e.printStackTrace();","lastModifiedDate":"2023-02-22"},{"lineNumber":145,"author":{"gitId":"hana-oxy"},"content":"        }","lastModifiedDate":"2023-02-22"},{"lineNumber":146,"author":{"gitId":"hana-oxy"},"content":"    }","lastModifiedDate":"2023-02-22"},{"lineNumber":147,"author":{"gitId":"hana-oxy"},"content":"","lastModifiedDate":"2023-02-22"},{"lineNumber":148,"author":{"gitId":"hana-oxy"},"content":"    /**","lastModifiedDate":"2023-02-22"},{"lineNumber":149,"author":{"gitId":"hana-oxy"},"content":"     * Returns the main stage.","lastModifiedDate":"2023-02-22"},{"lineNumber":150,"author":{"gitId":"hana-oxy"},"content":"     */","lastModifiedDate":"2023-02-22"},{"lineNumber":151,"author":{"gitId":"hana-oxy"},"content":"    public Stage getPrimaryStage() {","lastModifiedDate":"2023-02-22"},{"lineNumber":152,"author":{"gitId":"hana-oxy"},"content":"        return primaryStage;","lastModifiedDate":"2023-02-22"},{"lineNumber":153,"author":{"gitId":"hana-oxy"},"content":"    }","lastModifiedDate":"2023-02-22"},{"lineNumber":154,"author":{"gitId":"hana-oxy"},"content":"","lastModifiedDate":"2023-02-22"},{"lineNumber":155,"author":{"gitId":"hana-oxy"},"content":"    /**","lastModifiedDate":"2023-02-22"},{"lineNumber":156,"author":{"gitId":"hana-oxy"},"content":"     * Opens a dialog to edit details for the specified drug. If the user","lastModifiedDate":"2023-02-22"},{"lineNumber":157,"author":{"gitId":"hana-oxy"},"content":"     * clicks OK, the changes are saved into the provided drug object and true","lastModifiedDate":"2023-02-22"},{"lineNumber":158,"author":{"gitId":"hana-oxy"},"content":"     * is returned.","lastModifiedDate":"2023-02-22"},{"lineNumber":159,"author":{"gitId":"hana-oxy"},"content":"     *","lastModifiedDate":"2023-02-22"},{"lineNumber":160,"author":{"gitId":"hana-oxy"},"content":"     * @param drug the drug object to be edited","lastModifiedDate":"2023-02-22"},{"lineNumber":161,"author":{"gitId":"hana-oxy"},"content":"     * @return true if the user clicked OK, false otherwise.","lastModifiedDate":"2023-02-22"},{"lineNumber":162,"author":{"gitId":"hana-oxy"},"content":"     */","lastModifiedDate":"2023-02-22"},{"lineNumber":163,"author":{"gitId":"hana-oxy"},"content":"    public boolean showAppointmentEditDialog(Appointment appointment) {","lastModifiedDate":"2023-02-22"},{"lineNumber":164,"author":{"gitId":"hana-oxy"},"content":"        try {","lastModifiedDate":"2023-02-22"},{"lineNumber":165,"author":{"gitId":"hana-oxy"},"content":"            // Load the fxml file and create a new stage for the popup dialog.","lastModifiedDate":"2023-02-22"},{"lineNumber":166,"author":{"gitId":"hana-oxy"},"content":"            FXMLLoader loader \u003d new FXMLLoader();","lastModifiedDate":"2023-02-22"},{"lineNumber":167,"author":{"gitId":"hana-oxy"},"content":"            loader.setLocation(AppointmentManagerMain.class.getResource(\"view/AppointmentEditDialog.fxml\"));","lastModifiedDate":"2023-02-22"},{"lineNumber":168,"author":{"gitId":"hana-oxy"},"content":"            AnchorPane page \u003d (AnchorPane) loader.load();","lastModifiedDate":"2023-02-22"},{"lineNumber":169,"author":{"gitId":"hana-oxy"},"content":"","lastModifiedDate":"2023-02-22"},{"lineNumber":170,"author":{"gitId":"hana-oxy"},"content":"            // Create the dialog Stage.","lastModifiedDate":"2023-02-22"},{"lineNumber":171,"author":{"gitId":"hana-oxy"},"content":"            Stage dialogStage \u003d new Stage();","lastModifiedDate":"2023-02-22"},{"lineNumber":172,"author":{"gitId":"hana-oxy"},"content":"            dialogStage.setTitle(\"Appointment Details\");","lastModifiedDate":"2023-02-22"},{"lineNumber":173,"author":{"gitId":"hana-oxy"},"content":"            dialogStage.initModality(Modality.WINDOW_MODAL);","lastModifiedDate":"2023-02-22"},{"lineNumber":174,"author":{"gitId":"hana-oxy"},"content":"            dialogStage.initOwner(primaryStage);","lastModifiedDate":"2023-02-22"},{"lineNumber":175,"author":{"gitId":"hana-oxy"},"content":"            Scene scene \u003d new Scene(page);","lastModifiedDate":"2023-02-22"},{"lineNumber":176,"author":{"gitId":"hana-oxy"},"content":"            dialogStage.setScene(scene);","lastModifiedDate":"2023-02-22"},{"lineNumber":177,"author":{"gitId":"hana-oxy"},"content":"","lastModifiedDate":"2023-02-22"},{"lineNumber":178,"author":{"gitId":"hana-oxy"},"content":"            // Set the drug into the controller.","lastModifiedDate":"2023-02-22"},{"lineNumber":179,"author":{"gitId":"hana-oxy"},"content":"            DrugEditDialogController controller \u003d loader.getController();","lastModifiedDate":"2023-02-22"},{"lineNumber":180,"author":{"gitId":"hana-oxy"},"content":"            controller.setDialogStage(dialogStage);","lastModifiedDate":"2023-02-22"},{"lineNumber":181,"author":{"gitId":"hana-oxy"},"content":"            controller.setAppointment(appointment);","lastModifiedDate":"2023-02-22"},{"lineNumber":182,"author":{"gitId":"hana-oxy"},"content":"","lastModifiedDate":"2023-02-22"},{"lineNumber":183,"author":{"gitId":"hana-oxy"},"content":"            // Show the dialog and wait until the user closes it","lastModifiedDate":"2023-02-22"},{"lineNumber":184,"author":{"gitId":"hana-oxy"},"content":"            dialogStage.showAndWait();","lastModifiedDate":"2023-02-22"},{"lineNumber":185,"author":{"gitId":"hana-oxy"},"content":"","lastModifiedDate":"2023-02-22"},{"lineNumber":186,"author":{"gitId":"hana-oxy"},"content":"            return controller.isOkClicked();","lastModifiedDate":"2023-02-22"},{"lineNumber":187,"author":{"gitId":"hana-oxy"},"content":"        } catch (IOException e) {","lastModifiedDate":"2023-02-22"},{"lineNumber":188,"author":{"gitId":"hana-oxy"},"content":"            e.printStackTrace();","lastModifiedDate":"2023-02-22"},{"lineNumber":189,"author":{"gitId":"hana-oxy"},"content":"            return false;","lastModifiedDate":"2023-02-22"},{"lineNumber":190,"author":{"gitId":"hana-oxy"},"content":"        }","lastModifiedDate":"2023-02-22"},{"lineNumber":191,"author":{"gitId":"hana-oxy"},"content":"    }","lastModifiedDate":"2023-02-22"},{"lineNumber":192,"author":{"gitId":"hana-oxy"},"content":"","lastModifiedDate":"2023-02-22"},{"lineNumber":193,"author":{"gitId":"hana-oxy"},"content":"    public static void main(String[] args) {","lastModifiedDate":"2023-02-22"},{"lineNumber":194,"author":{"gitId":"hana-oxy"},"content":"        launch(args);","lastModifiedDate":"2023-02-22"},{"lineNumber":195,"author":{"gitId":"hana-oxy"},"content":"    }","lastModifiedDate":"2023-02-22"},{"lineNumber":196,"author":{"gitId":"hana-oxy"},"content":"","lastModifiedDate":"2023-02-22"},{"lineNumber":197,"author":{"gitId":"hana-oxy"},"content":"}","lastModifiedDate":"2023-02-22"}],"authorContributionMap":{"hana-oxy":197}},{"path":"src/main/java/Duke.java","fileType":"java","lines":[{"lineNumber":1,"author":{"gitId":"-"},"content":"import java.util.Scanner;","lastModifiedDate":"2023-02-18"},{"lineNumber":2,"author":{"gitId":"-"},"content":"","lastModifiedDate":"2023-02-18"},{"lineNumber":3,"author":{"gitId":"-"},"content":"public class Duke {","lastModifiedDate":"2023-02-19"},{"lineNumber":4,"author":{"gitId":"-"},"content":"    public static void main(String[] args) {","lastModifiedDate":"2019-07-29"},{"lineNumber":5,"author":{"gitId":"hana-oxy"},"content":"        Scanner input \u003d new Scanner(System.in);  // Create a Scanner object","lastModifiedDate":"2023-02-19"},{"lineNumber":6,"author":{"gitId":"-"},"content":"        String logo \u003d \" ____        _        \\n\"","lastModifiedDate":"2019-07-29"},{"lineNumber":7,"author":{"gitId":"-"},"content":"                + \"|  _ \\\\ _   _| | _____ \\n\"","lastModifiedDate":"2019-07-29"},{"lineNumber":8,"author":{"gitId":"-"},"content":"                + \"| | | | | | | |/ / _ \\\\\\n\"","lastModifiedDate":"2019-07-29"},{"lineNumber":9,"author":{"gitId":"-"},"content":"                + \"| |_| | |_| |   \u003c  __/\\n\"","lastModifiedDate":"2019-07-29"},{"lineNumber":10,"author":{"gitId":"-"},"content":"                + \"|____/ \\\\__,_|_|\\\\_\\\\___|\\n\";","lastModifiedDate":"2019-07-29"},{"lineNumber":11,"author":{"gitId":"-"},"content":"        System.out.println(\"Hello from\\n\" + logo);","lastModifiedDate":"2019-07-29"},{"lineNumber":12,"author":{"gitId":"hana-oxy"},"content":"        System.out.println(\"What can I do for you?\");","lastModifiedDate":"2023-02-19"},{"lineNumber":13,"author":{"gitId":"hana-oxy"},"content":"        String i \u003d input.nextLine();  // Read user input","lastModifiedDate":"2023-02-19"},{"lineNumber":14,"author":{"gitId":"hana-oxy"},"content":"        if (i.equals(\"bye\")) {","lastModifiedDate":"2023-02-19"},{"lineNumber":15,"author":{"gitId":"hana-oxy"},"content":"            System.out.println(\"Bye. Hope to see you again soon!\");","lastModifiedDate":"2023-02-19"},{"lineNumber":16,"author":{"gitId":"hana-oxy"},"content":"            System.exit(0);","lastModifiedDate":"2023-02-19"},{"lineNumber":17,"author":{"gitId":"-"},"content":"        }","lastModifiedDate":"2023-02-18"},{"lineNumber":18,"author":{"gitId":"-"},"content":"    }","lastModifiedDate":"2019-07-29"},{"lineNumber":19,"author":{"gitId":"-"},"content":"}","lastModifiedDate":"2019-07-29"}],"authorContributionMap":{"hana-oxy":6,"-":13}},{"path":"src/main/model/AppoinmentList.java","fileType":"java","lines":[{"lineNumber":1,"author":{"gitId":"hana-oxy"},"content":"package main.model;","lastModifiedDate":"2023-02-22"},{"lineNumber":2,"author":{"gitId":"hana-oxy"},"content":"","lastModifiedDate":"2023-02-22"},{"lineNumber":3,"author":{"gitId":"hana-oxy"},"content":"import javafx.collections.FXCollections;","lastModifiedDate":"2023-02-22"},{"lineNumber":4,"author":{"gitId":"hana-oxy"},"content":"import javafx.collections.ObservableList;","lastModifiedDate":"2023-02-22"},{"lineNumber":5,"author":{"gitId":"hana-oxy"},"content":"","lastModifiedDate":"2023-02-22"},{"lineNumber":6,"author":{"gitId":"hana-oxy"},"content":"import java.util.List;","lastModifiedDate":"2023-02-22"},{"lineNumber":7,"author":{"gitId":"hana-oxy"},"content":"","lastModifiedDate":"2023-02-22"},{"lineNumber":8,"author":{"gitId":"hana-oxy"},"content":"public class AppointmentList {","lastModifiedDate":"2023-02-22"},{"lineNumber":9,"author":{"gitId":"hana-oxy"},"content":"","lastModifiedDate":"2023-02-22"},{"lineNumber":10,"author":{"gitId":"hana-oxy"},"content":"    private ObservableList\u003cAppointment\u003e appointmentList \u003d FXCollections.observableArrayList();","lastModifiedDate":"2023-02-22"},{"lineNumber":11,"author":{"gitId":"hana-oxy"},"content":"","lastModifiedDate":"2023-02-22"},{"lineNumber":12,"author":{"gitId":"hana-oxy"},"content":"    public AppointmentList() {","lastModifiedDate":"2023-02-22"},{"lineNumber":13,"author":{"gitId":"hana-oxy"},"content":"    }","lastModifiedDate":"2023-02-22"},{"lineNumber":14,"author":{"gitId":"hana-oxy"},"content":"","lastModifiedDate":"2023-02-22"},{"lineNumber":15,"author":{"gitId":"hana-oxy"},"content":"    public List\u003cAppointment\u003e getAppointmentList() {","lastModifiedDate":"2023-02-22"},{"lineNumber":16,"author":{"gitId":"hana-oxy"},"content":"        return drugs;","lastModifiedDate":"2023-02-22"},{"lineNumber":17,"author":{"gitId":"hana-oxy"},"content":"    }","lastModifiedDate":"2023-02-22"},{"lineNumber":18,"author":{"gitId":"hana-oxy"},"content":"","lastModifiedDate":"2023-02-22"},{"lineNumber":19,"author":{"gitId":"hana-oxy"},"content":"    public void addToList(Appointment appointment) {","lastModifiedDate":"2023-02-22"},{"lineNumber":20,"author":{"gitId":"hana-oxy"},"content":"        appointmentList.add(appointment);","lastModifiedDate":"2023-02-22"},{"lineNumber":21,"author":{"gitId":"hana-oxy"},"content":"    }","lastModifiedDate":"2023-02-22"},{"lineNumber":22,"author":{"gitId":"hana-oxy"},"content":"","lastModifiedDate":"2023-02-22"},{"lineNumber":23,"author":{"gitId":"hana-oxy"},"content":"    public ObservableList\u003cAppointment\u003e getAppointmentData() {","lastModifiedDate":"2023-02-22"},{"lineNumber":24,"author":{"gitId":"hana-oxy"},"content":"        return appointmentList;","lastModifiedDate":"2023-02-22"},{"lineNumber":25,"author":{"gitId":"hana-oxy"},"content":"    }","lastModifiedDate":"2023-02-22"},{"lineNumber":26,"author":{"gitId":"hana-oxy"},"content":"","lastModifiedDate":"2023-02-22"},{"lineNumber":27,"author":{"gitId":"hana-oxy"},"content":"    public void removeFromList(Appointment appointment) {","lastModifiedDate":"2023-02-22"},{"lineNumber":28,"author":{"gitId":"hana-oxy"},"content":"        appointment.remove(appointment);","lastModifiedDate":"2023-02-22"},{"lineNumber":29,"author":{"gitId":"hana-oxy"},"content":"    }","lastModifiedDate":"2023-02-22"},{"lineNumber":30,"author":{"gitId":"hana-oxy"},"content":"","lastModifiedDate":"2023-02-22"},{"lineNumber":31,"author":{"gitId":"hana-oxy"},"content":"    public void clearList() {","lastModifiedDate":"2023-02-22"},{"lineNumber":32,"author":{"gitId":"hana-oxy"},"content":"        appointmentList.clear();","lastModifiedDate":"2023-02-22"},{"lineNumber":33,"author":{"gitId":"hana-oxy"},"content":"    }","lastModifiedDate":"2023-02-22"},{"lineNumber":34,"author":{"gitId":"hana-oxy"},"content":"","lastModifiedDate":"2023-02-22"},{"lineNumber":35,"author":{"gitId":"hana-oxy"},"content":"    public void printAppointment() {","lastModifiedDate":"2023-02-22"},{"lineNumber":36,"author":{"gitId":"hana-oxy"},"content":"        System.out.println(\"Appointments:\");","lastModifiedDate":"2023-02-22"},{"lineNumber":37,"author":{"gitId":"hana-oxy"},"content":"        for (int i \u003d 0; i \u003c drugs.size(); i++) {","lastModifiedDate":"2023-02-22"},{"lineNumber":38,"author":{"gitId":"hana-oxy"},"content":"            System.out.println(\"[\" + (i + 1) + \"] \" + drugs.get(i));","lastModifiedDate":"2023-02-22"},{"lineNumber":39,"author":{"gitId":"hana-oxy"},"content":"        }","lastModifiedDate":"2023-02-22"},{"lineNumber":40,"author":{"gitId":"hana-oxy"},"content":"    }","lastModifiedDate":"2023-02-22"},{"lineNumber":41,"author":{"gitId":"hana-oxy"},"content":"","lastModifiedDate":"2023-02-22"},{"lineNumber":42,"author":{"gitId":"hana-oxy"},"content":"    public boolean listContains(Appointment appointment) {","lastModifiedDate":"2023-02-22"},{"lineNumber":43,"author":{"gitId":"hana-oxy"},"content":"        if (appointmentList.contains(appointment)) {","lastModifiedDate":"2023-02-22"},{"lineNumber":44,"author":{"gitId":"hana-oxy"},"content":"            return true;","lastModifiedDate":"2023-02-22"},{"lineNumber":45,"author":{"gitId":"hana-oxy"},"content":"        }","lastModifiedDate":"2023-02-22"},{"lineNumber":46,"author":{"gitId":"hana-oxy"},"content":"        else {","lastModifiedDate":"2023-02-22"},{"lineNumber":47,"author":{"gitId":"hana-oxy"},"content":"            return false;","lastModifiedDate":"2023-02-22"},{"lineNumber":48,"author":{"gitId":"hana-oxy"},"content":"        }","lastModifiedDate":"2023-02-22"},{"lineNumber":49,"author":{"gitId":"hana-oxy"},"content":"    }","lastModifiedDate":"2023-02-22"},{"lineNumber":50,"author":{"gitId":"hana-oxy"},"content":"","lastModifiedDate":"2023-02-22"},{"lineNumber":51,"author":{"gitId":"hana-oxy"},"content":"    public int getSize() {","lastModifiedDate":"2023-02-22"},{"lineNumber":52,"author":{"gitId":"hana-oxy"},"content":"        return appointmentList.size();","lastModifiedDate":"2023-02-22"},{"lineNumber":53,"author":{"gitId":"hana-oxy"},"content":"    }","lastModifiedDate":"2023-02-22"},{"lineNumber":54,"author":{"gitId":"hana-oxy"},"content":"}","lastModifiedDate":"2023-02-22"}],"authorContributionMap":{"hana-oxy":54}},{"path":"src/main/model/Appointment.java","fileType":"java","lines":[{"lineNumber":1,"author":{"gitId":"hana-oxy"},"content":"package main.model;","lastModifiedDate":"2023-02-22"},{"lineNumber":2,"author":{"gitId":"hana-oxy"},"content":"","lastModifiedDate":"2023-02-22"},{"lineNumber":3,"author":{"gitId":"hana-oxy"},"content":"import javafx.beans.property.SimpleStringProperty;","lastModifiedDate":"2023-02-22"},{"lineNumber":4,"author":{"gitId":"hana-oxy"},"content":"import javafx.beans.property.StringProperty;","lastModifiedDate":"2023-02-22"},{"lineNumber":5,"author":{"gitId":"hana-oxy"},"content":"","lastModifiedDate":"2023-02-22"},{"lineNumber":6,"author":{"gitId":"hana-oxy"},"content":"public class Appointment {","lastModifiedDate":"2023-02-22"},{"lineNumber":7,"author":{"gitId":"hana-oxy"},"content":"","lastModifiedDate":"2023-02-22"},{"lineNumber":8,"author":{"gitId":"hana-oxy"},"content":"    private StringProperty title;","lastModifiedDate":"2023-02-22"},{"lineNumber":9,"author":{"gitId":"hana-oxy"},"content":"    private StringProperty date;","lastModifiedDate":"2023-02-22"},{"lineNumber":10,"author":{"gitId":"hana-oxy"},"content":"    private StringProperty description;","lastModifiedDate":"2023-02-22"},{"lineNumber":11,"author":{"gitId":"hana-oxy"},"content":"","lastModifiedDate":"2023-02-22"},{"lineNumber":12,"author":{"gitId":"hana-oxy"},"content":"    public Appointment() {  }","lastModifiedDate":"2023-02-22"},{"lineNumber":13,"author":{"gitId":"hana-oxy"},"content":"","lastModifiedDate":"2023-02-22"},{"lineNumber":14,"author":{"gitId":"hana-oxy"},"content":"    public Appointment(String title) {","lastModifiedDate":"2023-02-22"},{"lineNumber":15,"author":{"gitId":"hana-oxy"},"content":"        this.title \u003d new SimpleStringProperty(title);","lastModifiedDate":"2023-02-22"},{"lineNumber":16,"author":{"gitId":"hana-oxy"},"content":"    }","lastModifiedDate":"2023-02-22"},{"lineNumber":17,"author":{"gitId":"hana-oxy"},"content":"","lastModifiedDate":"2023-02-22"},{"lineNumber":18,"author":{"gitId":"hana-oxy"},"content":"    public Appointment(String date) {","lastModifiedDate":"2023-02-22"},{"lineNumber":19,"author":{"gitId":"hana-oxy"},"content":"        this.date \u003d new SimpleStringProperty(date);","lastModifiedDate":"2023-02-22"},{"lineNumber":20,"author":{"gitId":"hana-oxy"},"content":"    }","lastModifiedDate":"2023-02-22"},{"lineNumber":21,"author":{"gitId":"hana-oxy"},"content":"","lastModifiedDate":"2023-02-22"},{"lineNumber":22,"author":{"gitId":"hana-oxy"},"content":"    public Appointment(String description) {","lastModifiedDate":"2023-02-22"},{"lineNumber":23,"author":{"gitId":"hana-oxy"},"content":"        this.description \u003d new SimpleStringProperty(description);","lastModifiedDate":"2023-02-22"},{"lineNumber":24,"author":{"gitId":"hana-oxy"},"content":"    }","lastModifiedDate":"2023-02-22"},{"lineNumber":25,"author":{"gitId":"hana-oxy"},"content":"","lastModifiedDate":"2023-02-22"},{"lineNumber":26,"author":{"gitId":"hana-oxy"},"content":"    public String getTitle() {","lastModifiedDate":"2023-02-22"},{"lineNumber":27,"author":{"gitId":"hana-oxy"},"content":"        return title.get();","lastModifiedDate":"2023-02-22"},{"lineNumber":28,"author":{"gitId":"hana-oxy"},"content":"    }","lastModifiedDate":"2023-02-22"},{"lineNumber":29,"author":{"gitId":"hana-oxy"},"content":"","lastModifiedDate":"2023-02-22"},{"lineNumber":30,"author":{"gitId":"hana-oxy"},"content":"    public String getDescription() {","lastModifiedDate":"2023-02-22"},{"lineNumber":31,"author":{"gitId":"hana-oxy"},"content":"        return description.get();","lastModifiedDate":"2023-02-22"},{"lineNumber":32,"author":{"gitId":"hana-oxy"},"content":"    }","lastModifiedDate":"2023-02-22"},{"lineNumber":33,"author":{"gitId":"hana-oxy"},"content":"","lastModifiedDate":"2023-02-22"},{"lineNumber":34,"author":{"gitId":"hana-oxy"},"content":"    public void setTitle(StringProperty title) {","lastModifiedDate":"2023-02-22"},{"lineNumber":35,"author":{"gitId":"hana-oxy"},"content":"        this.title \u003d title;","lastModifiedDate":"2023-02-22"},{"lineNumber":36,"author":{"gitId":"hana-oxy"},"content":"    }","lastModifiedDate":"2023-02-22"},{"lineNumber":37,"author":{"gitId":"hana-oxy"},"content":"","lastModifiedDate":"2023-02-22"},{"lineNumber":38,"author":{"gitId":"hana-oxy"},"content":"    public void setDescription(StringProperty date) {","lastModifiedDate":"2023-02-22"},{"lineNumber":39,"author":{"gitId":"hana-oxy"},"content":"        this.date \u003d date;","lastModifiedDate":"2023-02-22"},{"lineNumber":40,"author":{"gitId":"hana-oxy"},"content":"    }","lastModifiedDate":"2023-02-22"},{"lineNumber":41,"author":{"gitId":"hana-oxy"},"content":"","lastModifiedDate":"2023-02-22"},{"lineNumber":42,"author":{"gitId":"hana-oxy"},"content":"    public void setDescription(StringProperty description) {","lastModifiedDate":"2023-02-22"},{"lineNumber":43,"author":{"gitId":"hana-oxy"},"content":"        this.description \u003d description;","lastModifiedDate":"2023-02-22"},{"lineNumber":44,"author":{"gitId":"hana-oxy"},"content":"    }","lastModifiedDate":"2023-02-22"},{"lineNumber":45,"author":{"gitId":"hana-oxy"},"content":"","lastModifiedDate":"2023-02-22"},{"lineNumber":46,"author":{"gitId":"hana-oxy"},"content":"    public StringProperty titleProperty() {","lastModifiedDate":"2023-02-22"},{"lineNumber":47,"author":{"gitId":"hana-oxy"},"content":"        return title;","lastModifiedDate":"2023-02-22"},{"lineNumber":48,"author":{"gitId":"hana-oxy"},"content":"    }","lastModifiedDate":"2023-02-22"},{"lineNumber":49,"author":{"gitId":"hana-oxy"},"content":"","lastModifiedDate":"2023-02-22"},{"lineNumber":50,"author":{"gitId":"hana-oxy"},"content":"    public StringProperty dateProperty() {","lastModifiedDate":"2023-02-22"},{"lineNumber":51,"author":{"gitId":"hana-oxy"},"content":"        return date;","lastModifiedDate":"2023-02-22"},{"lineNumber":52,"author":{"gitId":"hana-oxy"},"content":"    }","lastModifiedDate":"2023-02-22"},{"lineNumber":53,"author":{"gitId":"hana-oxy"},"content":"","lastModifiedDate":"2023-02-22"},{"lineNumber":54,"author":{"gitId":"hana-oxy"},"content":"    public StringProperty descriptionProperty() {","lastModifiedDate":"2023-02-22"},{"lineNumber":55,"author":{"gitId":"hana-oxy"},"content":"        return description;","lastModifiedDate":"2023-02-22"},{"lineNumber":56,"author":{"gitId":"hana-oxy"},"content":"    }","lastModifiedDate":"2023-02-22"},{"lineNumber":57,"author":{"gitId":"hana-oxy"},"content":"","lastModifiedDate":"2023-02-22"},{"lineNumber":58,"author":{"gitId":"hana-oxy"},"content":"    public void setTitle(String title) {","lastModifiedDate":"2023-02-22"},{"lineNumber":59,"author":{"gitId":"hana-oxy"},"content":"        this.title.set(title);","lastModifiedDate":"2023-02-22"},{"lineNumber":60,"author":{"gitId":"hana-oxy"},"content":"    }","lastModifiedDate":"2023-02-22"},{"lineNumber":61,"author":{"gitId":"hana-oxy"},"content":"","lastModifiedDate":"2023-02-22"},{"lineNumber":62,"author":{"gitId":"hana-oxy"},"content":"    public void setDate(String date) {","lastModifiedDate":"2023-02-22"},{"lineNumber":63,"author":{"gitId":"hana-oxy"},"content":"        this.date.set(date);","lastModifiedDate":"2023-02-22"},{"lineNumber":64,"author":{"gitId":"hana-oxy"},"content":"    }","lastModifiedDate":"2023-02-22"},{"lineNumber":65,"author":{"gitId":"hana-oxy"},"content":"","lastModifiedDate":"2023-02-22"},{"lineNumber":66,"author":{"gitId":"hana-oxy"},"content":"    public void setDescription(String description) { this.title.set(description); }","lastModifiedDate":"2023-02-22"},{"lineNumber":67,"author":{"gitId":"hana-oxy"},"content":"","lastModifiedDate":"2023-02-22"},{"lineNumber":68,"author":{"gitId":"hana-oxy"},"content":"}","lastModifiedDate":"2023-02-22"}],"authorContributionMap":{"hana-oxy":68}}]
