[{"path":"src/main/java/Duke.java","fileType":"java","lines":[{"lineNumber":1,"author":{"gitId":"-"},"content":"import java.util.Scanner;","lastModifiedDate":"2023-02-18"},{"lineNumber":2,"author":{"gitId":"-"},"content":"","lastModifiedDate":"2023-02-18"},{"lineNumber":3,"author":{"gitId":"-"},"content":"public class Duke {","lastModifiedDate":"2023-02-19"},{"lineNumber":4,"author":{"gitId":"-"},"content":"    public static void main(String[] args) {","lastModifiedDate":"2019-07-29"},{"lineNumber":5,"author":{"gitId":"hana-oxy"},"content":"        Scanner input \u003d new Scanner(System.in);  // Create a Scanner object","lastModifiedDate":"2023-02-19"},{"lineNumber":6,"author":{"gitId":"-"},"content":"        String logo \u003d \" ____        _        \\n\"","lastModifiedDate":"2019-07-29"},{"lineNumber":7,"author":{"gitId":"-"},"content":"                + \"|  _ \\\\ _   _| | _____ \\n\"","lastModifiedDate":"2019-07-29"},{"lineNumber":8,"author":{"gitId":"-"},"content":"                + \"| | | | | | | |/ / _ \\\\\\n\"","lastModifiedDate":"2019-07-29"},{"lineNumber":9,"author":{"gitId":"-"},"content":"                + \"| |_| | |_| |   \u003c  __/\\n\"","lastModifiedDate":"2019-07-29"},{"lineNumber":10,"author":{"gitId":"-"},"content":"                + \"|____/ \\\\__,_|_|\\\\_\\\\___|\\n\";","lastModifiedDate":"2019-07-29"},{"lineNumber":11,"author":{"gitId":"-"},"content":"        System.out.println(\"Hello from\\n\" + logo);","lastModifiedDate":"2019-07-29"},{"lineNumber":12,"author":{"gitId":"hana-oxy"},"content":"        System.out.println(\"What can I do for you?\");","lastModifiedDate":"2023-02-19"},{"lineNumber":13,"author":{"gitId":"hana-oxy"},"content":"        String i \u003d input.nextLine();  // Read user input","lastModifiedDate":"2023-02-19"},{"lineNumber":14,"author":{"gitId":"hana-oxy"},"content":"        if (i.equals(\"bye\")) {","lastModifiedDate":"2023-02-19"},{"lineNumber":15,"author":{"gitId":"hana-oxy"},"content":"            System.out.println(\"Bye. Hope to see you again soon!\");","lastModifiedDate":"2023-02-19"},{"lineNumber":16,"author":{"gitId":"hana-oxy"},"content":"            System.exit(0);","lastModifiedDate":"2023-02-19"},{"lineNumber":17,"author":{"gitId":"-"},"content":"        }","lastModifiedDate":"2023-02-18"},{"lineNumber":18,"author":{"gitId":"-"},"content":"    }","lastModifiedDate":"2019-07-29"},{"lineNumber":19,"author":{"gitId":"-"},"content":"}","lastModifiedDate":"2019-07-29"}],"authorContributionMap":{"hana-oxy":6,"-":13}}]
