[{"path":"data/appointments.txt","fileType":"txt","lines":[{"lineNumber":1,"author":{"gitId":"hana-oxy"},"content":"Meet CEO | 12/05/2023 | Meeting with CEO of Google to discuss startup plans","lastModifiedDate":"2023-02-20"},{"lineNumber":2,"author":{"gitId":"hana-oxy"},"content":"Date with boyfriend | 28/03/2023 | Movie and dinner with my love","lastModifiedDate":"2023-02-20"},{"lineNumber":3,"author":{"gitId":"hana-oxy"},"content":"Workout with Jenny | 27/03/2023 | Going to YOGA bootcamp with my bestie","lastModifiedDate":"2023-02-20"},{"lineNumber":4,"author":{"gitId":"hana-oxy"},"content":"Business Trip to Tokyo | 04/04/2023 | Traveling to Japan for a business trip","lastModifiedDate":"2023-02-20"},{"lineNumber":5,"author":{"gitId":"hana-oxy"},"content":"Purchase Insulin | 09/04/2023 | Purchasing Insulin at Drugstore for diabetic grandfather","lastModifiedDate":"2023-02-20"},{"lineNumber":6,"author":{"gitId":"hana-oxy"},"content":"Mayday Holiday Adventure | 01/05/2023 | Visiting Chinese Gardens on this public holiday","lastModifiedDate":"2023-02-20"}],"authorContributionMap":{"hana-oxy":6}},{"path":"src/main/java/Duke.java","fileType":"java","lines":[{"lineNumber":1,"author":{"gitId":"-"},"content":"import java.util.Scanner;","lastModifiedDate":"2023-02-18"},{"lineNumber":2,"author":{"gitId":"-"},"content":"","lastModifiedDate":"2023-02-18"},{"lineNumber":3,"author":{"gitId":"-"},"content":"public class Duke {","lastModifiedDate":"2023-02-19"},{"lineNumber":4,"author":{"gitId":"-"},"content":"    public static void main(String[] args) {","lastModifiedDate":"2019-07-29"},{"lineNumber":5,"author":{"gitId":"hana-oxy"},"content":"        Scanner input \u003d new Scanner(System.in);  // Create a Scanner object","lastModifiedDate":"2023-02-19"},{"lineNumber":6,"author":{"gitId":"-"},"content":"        String logo \u003d \" ____        _        \\n\"","lastModifiedDate":"2019-07-29"},{"lineNumber":7,"author":{"gitId":"-"},"content":"                + \"|  _ \\\\ _   _| | _____ \\n\"","lastModifiedDate":"2019-07-29"},{"lineNumber":8,"author":{"gitId":"-"},"content":"                + \"| | | | | | | |/ / _ \\\\\\n\"","lastModifiedDate":"2019-07-29"},{"lineNumber":9,"author":{"gitId":"-"},"content":"                + \"| |_| | |_| |   \u003c  __/\\n\"","lastModifiedDate":"2019-07-29"},{"lineNumber":10,"author":{"gitId":"-"},"content":"                + \"|____/ \\\\__,_|_|\\\\_\\\\___|\\n\";","lastModifiedDate":"2019-07-29"},{"lineNumber":11,"author":{"gitId":"-"},"content":"        System.out.println(\"Hello from\\n\" + logo);","lastModifiedDate":"2019-07-29"},{"lineNumber":12,"author":{"gitId":"hana-oxy"},"content":"        System.out.println(\"What can I do for you?\");","lastModifiedDate":"2023-02-19"},{"lineNumber":13,"author":{"gitId":"hana-oxy"},"content":"        String i \u003d input.nextLine();  // Read user input","lastModifiedDate":"2023-02-19"},{"lineNumber":14,"author":{"gitId":"hana-oxy"},"content":"        if (i.equals(\"bye\")) {","lastModifiedDate":"2023-02-19"},{"lineNumber":15,"author":{"gitId":"hana-oxy"},"content":"            System.out.println(\"Bye. Hope to see you again soon!\");","lastModifiedDate":"2023-02-19"},{"lineNumber":16,"author":{"gitId":"hana-oxy"},"content":"            System.exit(0);","lastModifiedDate":"2023-02-19"},{"lineNumber":17,"author":{"gitId":"-"},"content":"        }","lastModifiedDate":"2023-02-18"},{"lineNumber":18,"author":{"gitId":"-"},"content":"    }","lastModifiedDate":"2019-07-29"},{"lineNumber":19,"author":{"gitId":"-"},"content":"}","lastModifiedDate":"2019-07-29"}],"authorContributionMap":{"hana-oxy":6,"-":13}}]
