{"authorDailyContributionsMap":{"hana-oxy":[{"date":"2023-02-19","commitResults":[{"hash":"97c411e1313b0229044cc323f60978c925bd44bc","messageTitle":"Level-10","messageBody":"Signed-off-by: hana-oxy \u003c44062805+hana-oxy@users.noreply.github.com\u003e\n","fileTypesAndContributionMap":{"java":{"insertions":290,"deletions":8}}},{"hash":"3496a29fc812c1ba56e716cf4db064189c944814","messageTitle":"A-Gradle","messageBody":"Signed-off-by: hana-oxy \u003c44062805+hana-oxy@users.noreply.github.com\u003e\n","fileTypesAndContributionMap":{"java":{"insertions":8,"deletions":290}}}]}]},"authorFileTypeContributionMap":{"hana-oxy":{"java":6,"md":0,"fxml":0,"sh":0,"bat":0,"gradle":0,"txt":0}},"authorContributionVariance":{"hana-oxy":9101.795},"authorDisplayNameMap":{"hana-oxy":"TIC4002-F16-1 OEI ..NNAH"}}
