{"authorDailyContributionsMap":{"hana-oxy":[{"date":"2023-02-19","commitResults":[{"hash":"97c411e1313b0229044cc323f60978c925bd44bc","messageTitle":"Level-10","messageBody":"Signed-off-by: hana-oxy \u003c44062805+hana-oxy@users.noreply.github.com\u003e\n","fileTypesAndContributionMap":{"java":{"insertions":290,"deletions":8}}},{"hash":"3496a29fc812c1ba56e716cf4db064189c944814","messageTitle":"A-Gradle","messageBody":"Signed-off-by: hana-oxy \u003c44062805+hana-oxy@users.noreply.github.com\u003e\n","fileTypesAndContributionMap":{"java":{"insertions":8,"deletions":290}}}]},{"date":"2023-02-20","commitResults":[{"hash":"becf4714a4a92dbacc92acf8cb6ad9ea608321a0","messageTitle":"Uploading of txt file for Storage class","messageBody":"Signed-off-by: hana-oxy \u003c44062805+hana-oxy@users.noreply.github.com\u003e\n","fileTypesAndContributionMap":{"txt":{"insertions":6,"deletions":0}}}]},{"date":"2023-02-22","commitResults":[{"hash":"87f4ad2bcadcdfde6fbe411e94fc2923ad404e40","messageTitle":"Model class updates","messageBody":"Signed-off-by: hana-oxy \u003c44062805+hana-oxy@users.noreply.github.com\u003e\n","fileTypesAndContributionMap":{"java":{"insertions":68,"deletions":0}}},{"hash":"3cdead7c05b258bc623fd5609ea377a6f2ae006d","messageTitle":"Main class updates","messageBody":"Signed-off-by: hana-oxy \u003c44062805+hana-oxy@users.noreply.github.com\u003e\n","fileTypesAndContributionMap":{"java":{"insertions":197,"deletions":0}}},{"hash":"9daa7c9cd61001c55d17e236fe12858e33bf57de","messageTitle":"List updates","messageBody":"Signed-off-by: hana-oxy \u003c44062805+hana-oxy@users.noreply.github.com\u003e\n","fileTypesAndContributionMap":{"java":{"insertions":54,"deletions":0}}},{"hash":"7a8f2416f6c92ccef25fa608ece0efc290b18c3f","messageTitle":"List updates","messageBody":"Signed-off-by: hana-oxy \u003c44062805+hana-oxy@users.noreply.github.com\u003e\n","fileTypesAndContributionMap":{"java":{"insertions":1,"deletions":1}}}]},{"date":"2023-02-23","commitResults":[{"hash":"c4e6eb2ee423f3ce0336fec284faf88c4b89a86c","messageTitle":"Updates to main class","messageBody":"Signed-off-by: hana-oxy \u003c44062805+hana-oxy@users.noreply.github.com\u003e\n","fileTypesAndContributionMap":{"java":{"insertions":1,"deletions":1}}},{"hash":"352060c518277be410f1707fd727aea0725d2e9f","messageTitle":"Updates to Storage class","messageBody":"Signed-off-by: hana-oxy \u003c44062805+hana-oxy@users.noreply.github.com\u003e\n","fileTypesAndContributionMap":{"java":{"insertions":94,"deletions":0}}},{"hash":"bc79ff4264df51b6c8e030e9f6c00383fef7aff4","messageTitle":"Overview controller class update","messageBody":"Signed-off-by: hana-oxy \u003c44062805+hana-oxy@users.noreply.github.com\u003e\n","fileTypesAndContributionMap":{"java":{"insertions":189,"deletions":0}}},{"hash":"e47733734e45cb300b7cd0ebc98d800a8c5f94ea","messageTitle":"Exception class update","messageBody":"Signed-off-by: hana-oxy \u003c44062805+hana-oxy@users.noreply.github.com\u003e\n","tags":["A-Packages","A-Exceptions"],"fileTypesAndContributionMap":{"java":{"insertions":7,"deletions":0}}},{"hash":"b45e835d9477e8150fc3820a44260b2ef0a03976","messageTitle":"GUI components added","messageBody":"Signed-off-by: hana-oxy \u003c44062805+hana-oxy@users.noreply.github.com\u003e\n","tags":["Level-10"],"fileTypesAndContributionMap":{"fxml":{"insertions":156,"deletions":0},"java":{"insertions":186,"deletions":4}}}]}]},"authorFileTypeContributionMap":{"hana-oxy":{"java":797,"md":0,"fxml":156,"sh":0,"bat":0,"gradle":0,"txt":6}},"authorContributionVariance":{"hana-oxy":19221.9},"authorDisplayNameMap":{"hana-oxy":"TIC4002-F16-1 OEI ..NNAH"}}
