{"authorDailyContributionsMap":{"hana-oxy":[{"date":"2023-02-18","commitResults":[{"hash":"850a1343691c8cf096618ea8648365c490727326","isMergeCommit":true,"messageTitle":"Merge remote-tracking branch \u0027origin/master\u0027","messageBody":"","tags":["A-Gradle","A-CheckStyle"],"fileTypesAndContributionMap":{}}]},{"date":"2023-02-19","commitResults":[{"hash":"97c411e1313b0229044cc323f60978c925bd44bc","isMergeCommit":false,"messageTitle":"Level-10","messageBody":"Signed-off-by: hana-oxy \u003c44062805+hana-oxy@users.noreply.github.com\u003e\n","fileTypesAndContributionMap":{"java":{"insertions":290,"deletions":8}}},{"hash":"3496a29fc812c1ba56e716cf4db064189c944814","isMergeCommit":false,"messageTitle":"A-Gradle","messageBody":"Signed-off-by: hana-oxy \u003c44062805+hana-oxy@users.noreply.github.com\u003e\n","fileTypesAndContributionMap":{"java":{"insertions":8,"deletions":290}}}]},{"date":"2023-02-20","commitResults":[{"hash":"becf4714a4a92dbacc92acf8cb6ad9ea608321a0","isMergeCommit":false,"messageTitle":"Uploading of txt file for Storage class","messageBody":"Signed-off-by: hana-oxy \u003c44062805+hana-oxy@users.noreply.github.com\u003e\n","fileTypesAndContributionMap":{"txt":{"insertions":6,"deletions":0}}}]},{"date":"2023-02-22","commitResults":[{"hash":"87f4ad2bcadcdfde6fbe411e94fc2923ad404e40","isMergeCommit":false,"messageTitle":"Model class updates","messageBody":"Signed-off-by: hana-oxy \u003c44062805+hana-oxy@users.noreply.github.com\u003e\n","fileTypesAndContributionMap":{"java":{"insertions":68,"deletions":0}}},{"hash":"3cdead7c05b258bc623fd5609ea377a6f2ae006d","isMergeCommit":false,"messageTitle":"Main class updates","messageBody":"Signed-off-by: hana-oxy \u003c44062805+hana-oxy@users.noreply.github.com\u003e\n","fileTypesAndContributionMap":{"java":{"insertions":197,"deletions":0}}},{"hash":"9daa7c9cd61001c55d17e236fe12858e33bf57de","isMergeCommit":false,"messageTitle":"List updates","messageBody":"Signed-off-by: hana-oxy \u003c44062805+hana-oxy@users.noreply.github.com\u003e\n","fileTypesAndContributionMap":{"java":{"insertions":54,"deletions":0}}},{"hash":"7a8f2416f6c92ccef25fa608ece0efc290b18c3f","isMergeCommit":false,"messageTitle":"List updates","messageBody":"Signed-off-by: hana-oxy \u003c44062805+hana-oxy@users.noreply.github.com\u003e\n","fileTypesAndContributionMap":{"java":{"insertions":1,"deletions":1}}}]},{"date":"2023-02-23","commitResults":[{"hash":"c4e6eb2ee423f3ce0336fec284faf88c4b89a86c","isMergeCommit":false,"messageTitle":"Updates to main class","messageBody":"Signed-off-by: hana-oxy \u003c44062805+hana-oxy@users.noreply.github.com\u003e\n","fileTypesAndContributionMap":{"java":{"insertions":1,"deletions":1}}},{"hash":"352060c518277be410f1707fd727aea0725d2e9f","isMergeCommit":false,"messageTitle":"Updates to Storage class","messageBody":"Signed-off-by: hana-oxy \u003c44062805+hana-oxy@users.noreply.github.com\u003e\n","fileTypesAndContributionMap":{"java":{"insertions":94,"deletions":0}}},{"hash":"bc79ff4264df51b6c8e030e9f6c00383fef7aff4","isMergeCommit":false,"messageTitle":"Overview controller class update","messageBody":"Signed-off-by: hana-oxy \u003c44062805+hana-oxy@users.noreply.github.com\u003e\n","fileTypesAndContributionMap":{"java":{"insertions":189,"deletions":0}}},{"hash":"e47733734e45cb300b7cd0ebc98d800a8c5f94ea","isMergeCommit":false,"messageTitle":"Exception class update","messageBody":"Signed-off-by: hana-oxy \u003c44062805+hana-oxy@users.noreply.github.com\u003e\n","tags":["A-Packages","A-Exceptions"],"fileTypesAndContributionMap":{"java":{"insertions":7,"deletions":0}}},{"hash":"b45e835d9477e8150fc3820a44260b2ef0a03976","isMergeCommit":false,"messageTitle":"GUI components added","messageBody":"Signed-off-by: hana-oxy \u003c44062805+hana-oxy@users.noreply.github.com\u003e\n","tags":["Level-10"],"fileTypesAndContributionMap":{"fxml":{"insertions":156,"deletions":0},"java":{"insertions":186,"deletions":4}}}]},{"date":"2023-02-24","commitResults":[{"hash":"7e733c6a9d31232bea54398368450c329ec88d58","isMergeCommit":false,"messageTitle":"Gradle updates","messageBody":"Signed-off-by: hana-oxy \u003c44062805+hana-oxy@users.noreply.github.com\u003e\n","fileTypesAndContributionMap":{"gradle":{"insertions":27,"deletions":0}}},{"hash":"b3744986f7344a11112de04ff234e7944c594e0c","isMergeCommit":false,"messageTitle":"J-Unit updates","messageBody":"Signed-off-by: hana-oxy \u003c44062805+hana-oxy@users.noreply.github.com\u003e\n","fileTypesAndContributionMap":{"gradle":{"insertions":3,"deletions":0}}},{"hash":"15f4f7bc7182c5f7fe8fbde152183332cf76ac5c","isMergeCommit":false,"messageTitle":"J-Unit updates","messageBody":"Signed-off-by: hana-oxy \u003c44062805+hana-oxy@users.noreply.github.com\u003e\n","fileTypesAndContributionMap":{"gradle":{"insertions":1,"deletions":1}}}]},{"date":"2023-03-06","commitResults":[{"hash":"df53253a3f04c68b91df57c88d4cd511c8c5f6f9","isMergeCommit":false,"messageTitle":"Gradle and Checkstyle updates","messageBody":"Signed-off-by: hana-oxy \u003c44062805+hana-oxy@users.noreply.github.com\u003e\n","fileTypesAndContributionMap":{"gradle":{"insertions":62,"deletions":1}}},{"hash":"a35de9eafa2de36274eae4d3a412308750831382","isMergeCommit":false,"messageTitle":"UI updates","messageBody":"Signed-off-by: hana-oxy \u003c44062805+hana-oxy@users.noreply.github.com\u003e\n","fileTypesAndContributionMap":{"fxml":{"insertions":88,"deletions":0},"java":{"insertions":5,"deletions":6}}},{"hash":"2386d26f2574a13772f30cd73a1c56aebd5fcf73","isMergeCommit":false,"messageTitle":"Model class updates","messageBody":"Signed-off-by: hana-oxy \u003c44062805+hana-oxy@users.noreply.github.com\u003e\n","fileTypesAndContributionMap":{"java":{"insertions":94,"deletions":28}}}]},{"date":"2023-03-08","commitResults":[{"hash":"aab5f2b55de08eabed4c1677002480f1c593c792","isMergeCommit":false,"messageTitle":"Changes to Gradle config for FX integration","messageBody":"Signed-off-by: hana-oxy \u003c44062805+hana-oxy@users.noreply.github.com\u003e\n","fileTypesAndContributionMap":{"gradle":{"insertions":1,"deletions":17}}}]}]},"authorFileTypeContributionMap":{"hana-oxy":{"java":862,"md":0,"fxml":244,"sh":0,"bat":0,"gradle":75,"txt":6}},"authorContributionVariance":{"hana-oxy":16037.269},"authorDisplayNameMap":{"hana-oxy":"TIC4002-F16-1 OEI ..NNAH"}}
