[{"path":"build.gradle","fileType":"gradle","lines":[{"lineNumber":1,"author":{"gitId":"-"},"content":"plugins {","lastModifiedDate":"2020-05-25"},{"lineNumber":2,"author":{"gitId":"-"},"content":"    id \u0027java\u0027","lastModifiedDate":"2020-05-25"},{"lineNumber":3,"author":{"gitId":"-"},"content":"    id \u0027application\u0027","lastModifiedDate":"2020-05-25"},{"lineNumber":4,"author":{"gitId":"-"},"content":"    id \u0027com.github.johnrengelman.shadow\u0027 version \u00275.1.0\u0027","lastModifiedDate":"2020-05-25"},{"lineNumber":5,"author":{"gitId":"badassengineer"},"content":"    id \u0027checkstyle\u0027","lastModifiedDate":"2023-02-13"},{"lineNumber":6,"author":{"gitId":"badassengineer"},"content":"}","lastModifiedDate":"2023-02-13"},{"lineNumber":7,"author":{"gitId":"badassengineer"},"content":"","lastModifiedDate":"2023-02-13"},{"lineNumber":8,"author":{"gitId":"badassengineer"},"content":"checkstyle {","lastModifiedDate":"2023-02-13"},{"lineNumber":9,"author":{"gitId":"badassengineer"},"content":"    toolVersion \u003d \u002710.2\u0027","lastModifiedDate":"2023-02-13"},{"lineNumber":10,"author":{"gitId":"-"},"content":"}","lastModifiedDate":"2020-05-25"},{"lineNumber":11,"author":{"gitId":"-"},"content":"","lastModifiedDate":"2020-05-25"},{"lineNumber":12,"author":{"gitId":"-"},"content":"repositories {","lastModifiedDate":"2020-05-25"},{"lineNumber":13,"author":{"gitId":"-"},"content":"    mavenCentral()","lastModifiedDate":"2020-05-25"},{"lineNumber":14,"author":{"gitId":"-"},"content":"}","lastModifiedDate":"2020-05-25"},{"lineNumber":15,"author":{"gitId":"-"},"content":"","lastModifiedDate":"2020-05-25"},{"lineNumber":16,"author":{"gitId":"-"},"content":"dependencies {","lastModifiedDate":"2020-05-25"},{"lineNumber":17,"author":{"gitId":"badassengineer"},"content":"    String javaFxVersion \u003d \u002711\u0027","lastModifiedDate":"2023-03-20"},{"lineNumber":18,"author":{"gitId":"badassengineer"},"content":"","lastModifiedDate":"2023-03-20"},{"lineNumber":19,"author":{"gitId":"badassengineer"},"content":"    implementation group: \u0027org.openjfx\u0027, name: \u0027javafx-base\u0027, version: javaFxVersion, classifier: \u0027win\u0027","lastModifiedDate":"2023-03-20"},{"lineNumber":20,"author":{"gitId":"badassengineer"},"content":"    implementation group: \u0027org.openjfx\u0027, name: \u0027javafx-base\u0027, version: javaFxVersion, classifier: \u0027mac\u0027","lastModifiedDate":"2023-03-20"},{"lineNumber":21,"author":{"gitId":"badassengineer"},"content":"    implementation group: \u0027org.openjfx\u0027, name: \u0027javafx-base\u0027, version: javaFxVersion, classifier: \u0027linux\u0027","lastModifiedDate":"2023-03-20"},{"lineNumber":22,"author":{"gitId":"badassengineer"},"content":"    implementation group: \u0027org.openjfx\u0027, name: \u0027javafx-controls\u0027, version: javaFxVersion, classifier: \u0027win\u0027","lastModifiedDate":"2023-03-20"},{"lineNumber":23,"author":{"gitId":"badassengineer"},"content":"    implementation group: \u0027org.openjfx\u0027, name: \u0027javafx-controls\u0027, version: javaFxVersion, classifier: \u0027mac\u0027","lastModifiedDate":"2023-03-20"},{"lineNumber":24,"author":{"gitId":"badassengineer"},"content":"    implementation group: \u0027org.openjfx\u0027, name: \u0027javafx-controls\u0027, version: javaFxVersion, classifier: \u0027linux\u0027","lastModifiedDate":"2023-03-20"},{"lineNumber":25,"author":{"gitId":"badassengineer"},"content":"    implementation group: \u0027org.openjfx\u0027, name: \u0027javafx-fxml\u0027, version: javaFxVersion, classifier: \u0027win\u0027","lastModifiedDate":"2023-03-20"},{"lineNumber":26,"author":{"gitId":"badassengineer"},"content":"    implementation group: \u0027org.openjfx\u0027, name: \u0027javafx-fxml\u0027, version: javaFxVersion, classifier: \u0027mac\u0027","lastModifiedDate":"2023-03-20"},{"lineNumber":27,"author":{"gitId":"badassengineer"},"content":"    implementation group: \u0027org.openjfx\u0027, name: \u0027javafx-fxml\u0027, version: javaFxVersion, classifier: \u0027linux\u0027","lastModifiedDate":"2023-03-20"},{"lineNumber":28,"author":{"gitId":"badassengineer"},"content":"    implementation group: \u0027org.openjfx\u0027, name: \u0027javafx-graphics\u0027, version: javaFxVersion, classifier: \u0027win\u0027","lastModifiedDate":"2023-03-20"},{"lineNumber":29,"author":{"gitId":"badassengineer"},"content":"    implementation group: \u0027org.openjfx\u0027, name: \u0027javafx-graphics\u0027, version: javaFxVersion, classifier: \u0027mac\u0027","lastModifiedDate":"2023-03-20"},{"lineNumber":30,"author":{"gitId":"badassengineer"},"content":"    implementation group: \u0027org.openjfx\u0027, name: \u0027javafx-graphics\u0027, version: javaFxVersion, classifier: \u0027linux\u0027","lastModifiedDate":"2023-03-20"},{"lineNumber":31,"author":{"gitId":"badassengineer"},"content":"","lastModifiedDate":"2023-03-20"},{"lineNumber":32,"author":{"gitId":"-"},"content":"    testImplementation group: \u0027org.junit.jupiter\u0027, name: \u0027junit-jupiter-api\u0027, version: \u00275.5.0\u0027","lastModifiedDate":"2020-05-25"},{"lineNumber":33,"author":{"gitId":"-"},"content":"    testRuntimeOnly group: \u0027org.junit.jupiter\u0027, name: \u0027junit-jupiter-engine\u0027, version: \u00275.5.0\u0027","lastModifiedDate":"2020-05-25"},{"lineNumber":34,"author":{"gitId":"-"},"content":"}","lastModifiedDate":"2020-05-25"},{"lineNumber":35,"author":{"gitId":"-"},"content":"","lastModifiedDate":"2020-05-25"},{"lineNumber":36,"author":{"gitId":"-"},"content":"test {","lastModifiedDate":"2020-05-25"},{"lineNumber":37,"author":{"gitId":"-"},"content":"    useJUnitPlatform()","lastModifiedDate":"2020-05-25"},{"lineNumber":38,"author":{"gitId":"-"},"content":"","lastModifiedDate":"2020-05-25"},{"lineNumber":39,"author":{"gitId":"-"},"content":"    testLogging {","lastModifiedDate":"2020-05-25"},{"lineNumber":40,"author":{"gitId":"-"},"content":"        events \"passed\", \"skipped\", \"failed\"","lastModifiedDate":"2020-05-25"},{"lineNumber":41,"author":{"gitId":"-"},"content":"","lastModifiedDate":"2020-05-25"},{"lineNumber":42,"author":{"gitId":"-"},"content":"        showExceptions true","lastModifiedDate":"2020-05-25"},{"lineNumber":43,"author":{"gitId":"-"},"content":"        exceptionFormat \"full\"","lastModifiedDate":"2020-05-25"},{"lineNumber":44,"author":{"gitId":"-"},"content":"        showCauses true","lastModifiedDate":"2020-05-25"},{"lineNumber":45,"author":{"gitId":"-"},"content":"        showStackTraces true","lastModifiedDate":"2020-05-25"},{"lineNumber":46,"author":{"gitId":"-"},"content":"        showStandardStreams \u003d false","lastModifiedDate":"2020-05-25"},{"lineNumber":47,"author":{"gitId":"-"},"content":"    }","lastModifiedDate":"2020-05-25"},{"lineNumber":48,"author":{"gitId":"-"},"content":"}","lastModifiedDate":"2020-05-25"},{"lineNumber":49,"author":{"gitId":"-"},"content":"","lastModifiedDate":"2020-05-25"},{"lineNumber":50,"author":{"gitId":"-"},"content":"application {","lastModifiedDate":"2020-05-25"},{"lineNumber":51,"author":{"gitId":"-"},"content":"    mainClassName \u003d \"seedu.duke.Duke\"","lastModifiedDate":"2020-05-25"},{"lineNumber":52,"author":{"gitId":"-"},"content":"}","lastModifiedDate":"2020-05-25"},{"lineNumber":53,"author":{"gitId":"-"},"content":"","lastModifiedDate":"2020-05-25"},{"lineNumber":54,"author":{"gitId":"-"},"content":"shadowJar {","lastModifiedDate":"2020-05-25"},{"lineNumber":55,"author":{"gitId":"-"},"content":"    archiveBaseName \u003d \"duke\"","lastModifiedDate":"2020-05-25"},{"lineNumber":56,"author":{"gitId":"-"},"content":"    archiveClassifier \u003d null","lastModifiedDate":"2020-05-25"},{"lineNumber":57,"author":{"gitId":"-"},"content":"}","lastModifiedDate":"2020-05-25"},{"lineNumber":58,"author":{"gitId":"-"},"content":"","lastModifiedDate":"2020-05-25"},{"lineNumber":59,"author":{"gitId":"-"},"content":"run{","lastModifiedDate":"2020-05-25"},{"lineNumber":60,"author":{"gitId":"-"},"content":"    standardInput \u003d System.in","lastModifiedDate":"2020-05-25"},{"lineNumber":61,"author":{"gitId":"-"},"content":"}","lastModifiedDate":"2020-05-25"}],"authorContributionMap":{"badassengineer":20,"-":41}},{"path":"docs/README.md","fileType":"md","lines":[{"lineNumber":1,"author":{"gitId":"-"},"content":"# User Guide","lastModifiedDate":"2019-07-29"},{"lineNumber":2,"author":{"gitId":"-"},"content":"","lastModifiedDate":"2019-07-29"},{"lineNumber":3,"author":{"gitId":"-"},"content":"## How it Works?","lastModifiedDate":"2022-10-03"},{"lineNumber":4,"author":{"gitId":"-"},"content":"1. Run the command, `java -jar ip.jar`, in the same folder as the jar file.","lastModifiedDate":"2022-10-03"},{"lineNumber":5,"author":{"gitId":"badassengineer"},"content":"2. Specify a filename to begin. If the file exists at *C:\\Users\\computer name\\Duke\\filename.txt*, it will be used as the working file. Otherwise, a new file will be automatically created in the same directory. ","lastModifiedDate":"2023-03-20"},{"lineNumber":6,"author":{"gitId":"-"},"content":"3. You can exit the application by typing `bye` and hitting the `enter` key.","lastModifiedDate":"2022-10-03"},{"lineNumber":7,"author":{"gitId":"-"},"content":"","lastModifiedDate":"2022-10-03"},{"lineNumber":8,"author":{"gitId":"-"},"content":"## Features ","lastModifiedDate":"2019-07-29"},{"lineNumber":9,"author":{"gitId":"-"},"content":"","lastModifiedDate":"2019-07-29"},{"lineNumber":10,"author":{"gitId":"-"},"content":"### Add Task","lastModifiedDate":"2022-10-03"},{"lineNumber":11,"author":{"gitId":"-"},"content":"","lastModifiedDate":"2021-07-17"},{"lineNumber":12,"author":{"gitId":"-"},"content":"Below are the commands to adding `todo`, `deadline` or `event` tasks. These tasks will also be added to the working file.","lastModifiedDate":"2022-10-03"},{"lineNumber":13,"author":{"gitId":"-"},"content":"","lastModifiedDate":"2021-07-17"},{"lineNumber":14,"author":{"gitId":"-"},"content":"```","lastModifiedDate":"2022-10-03"},{"lineNumber":15,"author":{"gitId":"-"},"content":"todo \u003cdefine task description\u003e","lastModifiedDate":"2022-10-03"},{"lineNumber":16,"author":{"gitId":"-"},"content":"deadline \u003cdefine task description\u003e /by \u003cspecify task due\u003e","lastModifiedDate":"2022-10-03"},{"lineNumber":17,"author":{"gitId":"-"},"content":"event \u003cdefine task description\u003e /at \u003cspecify task due\u003e","lastModifiedDate":"2022-10-03"},{"lineNumber":18,"author":{"gitId":"-"},"content":"```","lastModifiedDate":"2022-10-03"},{"lineNumber":19,"author":{"gitId":"-"},"content":"For example:","lastModifiedDate":"2022-10-03"},{"lineNumber":20,"author":{"gitId":"-"},"content":"","lastModifiedDate":"2021-07-17"},{"lineNumber":21,"author":{"gitId":"-"},"content":"```","lastModifiedDate":"2022-10-03"},{"lineNumber":22,"author":{"gitId":"-"},"content":"todo borrow book","lastModifiedDate":"2022-10-03"},{"lineNumber":23,"author":{"gitId":"-"},"content":"deadline return book /by Sunday","lastModifiedDate":"2022-10-03"},{"lineNumber":24,"author":{"gitId":"-"},"content":"event project meeting /at Mon 2-4pm","lastModifiedDate":"2022-10-03"},{"lineNumber":25,"author":{"gitId":"-"},"content":"```","lastModifiedDate":"2022-10-03"},{"lineNumber":26,"author":{"gitId":"-"},"content":"","lastModifiedDate":"2019-07-29"},{"lineNumber":27,"author":{"gitId":"-"},"content":"### List Task","lastModifiedDate":"2022-10-03"},{"lineNumber":28,"author":{"gitId":"-"},"content":"","lastModifiedDate":"2019-07-29"},{"lineNumber":29,"author":{"gitId":"-"},"content":"To list task, type `list` and hit the `enter` key.","lastModifiedDate":"2022-10-03"},{"lineNumber":30,"author":{"gitId":"-"},"content":"","lastModifiedDate":"2019-07-29"},{"lineNumber":31,"author":{"gitId":"-"},"content":"### Mark Task","lastModifiedDate":"2022-10-03"},{"lineNumber":32,"author":{"gitId":"-"},"content":"","lastModifiedDate":"2019-07-29"},{"lineNumber":33,"author":{"gitId":"-"},"content":"To mark task, type `mark \u003cspecify the task nunmber\u003e` and hit the `enter` key.  ","lastModifiedDate":"2022-10-03"},{"lineNumber":34,"author":{"gitId":"-"},"content":"For example: `mark 2`","lastModifiedDate":"2022-10-03"},{"lineNumber":35,"author":{"gitId":"-"},"content":"","lastModifiedDate":"2019-07-29"},{"lineNumber":36,"author":{"gitId":"-"},"content":"### Unmark Task","lastModifiedDate":"2022-10-03"},{"lineNumber":37,"author":{"gitId":"-"},"content":"","lastModifiedDate":"2019-07-29"},{"lineNumber":38,"author":{"gitId":"-"},"content":"To unmark task, type `unmark \u003cspecify the task nunmber\u003e` and hit the `enter` key.  ","lastModifiedDate":"2022-10-03"},{"lineNumber":39,"author":{"gitId":"-"},"content":"For example: `unmark 4`","lastModifiedDate":"2022-10-03"},{"lineNumber":40,"author":{"gitId":"-"},"content":"","lastModifiedDate":"2019-07-29"},{"lineNumber":41,"author":{"gitId":"-"},"content":"### Delete Task","lastModifiedDate":"2022-10-03"},{"lineNumber":42,"author":{"gitId":"-"},"content":"","lastModifiedDate":"2021-07-17"},{"lineNumber":43,"author":{"gitId":"-"},"content":"To delete task, type `delete \u003cspecify the task nunmber\u003e` and hit the `enter` key.  ","lastModifiedDate":"2022-10-03"},{"lineNumber":44,"author":{"gitId":"-"},"content":"For example: `delete 3`","lastModifiedDate":"2022-10-03"},{"lineNumber":45,"author":{"gitId":"-"},"content":"","lastModifiedDate":"2022-10-03"},{"lineNumber":46,"author":{"gitId":"-"},"content":"### Find Task","lastModifiedDate":"2022-10-03"},{"lineNumber":47,"author":{"gitId":"-"},"content":"","lastModifiedDate":"2022-10-03"},{"lineNumber":48,"author":{"gitId":"-"},"content":"To find task, type `find \u003cspecify the keyword\u003e` and hit the `enter` key.  ","lastModifiedDate":"2022-10-03"},{"lineNumber":49,"author":{"gitId":"-"},"content":"For example: `find book`","lastModifiedDate":"2022-10-03"}],"authorContributionMap":{"badassengineer":1,"-":48}},{"path":"src/main/java/DialogBox.java","fileType":"java","lines":[{"lineNumber":1,"author":{"gitId":"badassengineer"},"content":"import java.io.IOException;","lastModifiedDate":"2023-03-20"},{"lineNumber":2,"author":{"gitId":"badassengineer"},"content":"import java.util.Collections;","lastModifiedDate":"2023-03-20"},{"lineNumber":3,"author":{"gitId":"badassengineer"},"content":"","lastModifiedDate":"2023-03-20"},{"lineNumber":4,"author":{"gitId":"badassengineer"},"content":"import javafx.collections.FXCollections;","lastModifiedDate":"2023-03-20"},{"lineNumber":5,"author":{"gitId":"badassengineer"},"content":"import javafx.collections.ObservableList;","lastModifiedDate":"2023-03-20"},{"lineNumber":6,"author":{"gitId":"badassengineer"},"content":"import javafx.fxml.FXML;","lastModifiedDate":"2023-03-20"},{"lineNumber":7,"author":{"gitId":"badassengineer"},"content":"import javafx.fxml.FXMLLoader;","lastModifiedDate":"2023-03-20"},{"lineNumber":8,"author":{"gitId":"badassengineer"},"content":"import javafx.geometry.Pos;","lastModifiedDate":"2023-03-20"},{"lineNumber":9,"author":{"gitId":"badassengineer"},"content":"import javafx.scene.Node;","lastModifiedDate":"2023-03-20"},{"lineNumber":10,"author":{"gitId":"badassengineer"},"content":"import javafx.scene.control.Label;","lastModifiedDate":"2023-03-20"},{"lineNumber":11,"author":{"gitId":"badassengineer"},"content":"import javafx.scene.image.Image;","lastModifiedDate":"2023-03-20"},{"lineNumber":12,"author":{"gitId":"badassengineer"},"content":"import javafx.scene.image.ImageView;","lastModifiedDate":"2023-03-20"},{"lineNumber":13,"author":{"gitId":"badassengineer"},"content":"import javafx.scene.layout.HBox;","lastModifiedDate":"2023-03-20"},{"lineNumber":14,"author":{"gitId":"badassengineer"},"content":"","lastModifiedDate":"2023-03-20"},{"lineNumber":15,"author":{"gitId":"badassengineer"},"content":"/**","lastModifiedDate":"2023-03-20"},{"lineNumber":16,"author":{"gitId":"badassengineer"},"content":" * An example of a custom control using FXML.","lastModifiedDate":"2023-03-20"},{"lineNumber":17,"author":{"gitId":"badassengineer"},"content":" * This control represents a dialog box consisting of an ImageView to represent the speaker\u0027s face and a label","lastModifiedDate":"2023-03-20"},{"lineNumber":18,"author":{"gitId":"badassengineer"},"content":" * containing text from the speaker.","lastModifiedDate":"2023-03-20"},{"lineNumber":19,"author":{"gitId":"badassengineer"},"content":" */","lastModifiedDate":"2023-03-20"},{"lineNumber":20,"author":{"gitId":"badassengineer"},"content":"public class DialogBox extends HBox {","lastModifiedDate":"2023-03-20"},{"lineNumber":21,"author":{"gitId":"badassengineer"},"content":"    @FXML","lastModifiedDate":"2023-03-20"},{"lineNumber":22,"author":{"gitId":"badassengineer"},"content":"    private Label dialog;","lastModifiedDate":"2023-03-20"},{"lineNumber":23,"author":{"gitId":"badassengineer"},"content":"    @FXML","lastModifiedDate":"2023-03-20"},{"lineNumber":24,"author":{"gitId":"badassengineer"},"content":"    private ImageView displayPicture;","lastModifiedDate":"2023-03-20"},{"lineNumber":25,"author":{"gitId":"badassengineer"},"content":"","lastModifiedDate":"2023-03-20"},{"lineNumber":26,"author":{"gitId":"badassengineer"},"content":"    private DialogBox(String text, Image img) {","lastModifiedDate":"2023-03-20"},{"lineNumber":27,"author":{"gitId":"badassengineer"},"content":"        try {","lastModifiedDate":"2023-03-20"},{"lineNumber":28,"author":{"gitId":"badassengineer"},"content":"            FXMLLoader fxmlLoader \u003d new FXMLLoader(MainWindow.class.getResource(\"/view/DialogBox.fxml\"));","lastModifiedDate":"2023-03-20"},{"lineNumber":29,"author":{"gitId":"badassengineer"},"content":"            fxmlLoader.setController(this);","lastModifiedDate":"2023-03-20"},{"lineNumber":30,"author":{"gitId":"badassengineer"},"content":"            fxmlLoader.setRoot(this);","lastModifiedDate":"2023-03-20"},{"lineNumber":31,"author":{"gitId":"badassengineer"},"content":"            fxmlLoader.load();","lastModifiedDate":"2023-03-20"},{"lineNumber":32,"author":{"gitId":"badassengineer"},"content":"        } catch (IOException e) {","lastModifiedDate":"2023-03-20"},{"lineNumber":33,"author":{"gitId":"badassengineer"},"content":"            e.printStackTrace();","lastModifiedDate":"2023-03-20"},{"lineNumber":34,"author":{"gitId":"badassengineer"},"content":"        }","lastModifiedDate":"2023-03-20"},{"lineNumber":35,"author":{"gitId":"badassengineer"},"content":"","lastModifiedDate":"2023-03-20"},{"lineNumber":36,"author":{"gitId":"badassengineer"},"content":"        dialog.setText(text);","lastModifiedDate":"2023-03-20"},{"lineNumber":37,"author":{"gitId":"badassengineer"},"content":"        displayPicture.setImage(img);","lastModifiedDate":"2023-03-20"},{"lineNumber":38,"author":{"gitId":"badassengineer"},"content":"    }","lastModifiedDate":"2023-03-20"},{"lineNumber":39,"author":{"gitId":"badassengineer"},"content":"","lastModifiedDate":"2023-03-20"},{"lineNumber":40,"author":{"gitId":"badassengineer"},"content":"    /**","lastModifiedDate":"2023-03-20"},{"lineNumber":41,"author":{"gitId":"badassengineer"},"content":"     * Flips the dialog box such that the ImageView is on the left and text on the right.","lastModifiedDate":"2023-03-20"},{"lineNumber":42,"author":{"gitId":"badassengineer"},"content":"     */","lastModifiedDate":"2023-03-20"},{"lineNumber":43,"author":{"gitId":"badassengineer"},"content":"    private void flip() {","lastModifiedDate":"2023-03-20"},{"lineNumber":44,"author":{"gitId":"badassengineer"},"content":"        ObservableList\u003cNode\u003e tmp \u003d FXCollections.observableArrayList(this.getChildren());","lastModifiedDate":"2023-03-20"},{"lineNumber":45,"author":{"gitId":"badassengineer"},"content":"        Collections.reverse(tmp);","lastModifiedDate":"2023-03-20"},{"lineNumber":46,"author":{"gitId":"badassengineer"},"content":"        getChildren().setAll(tmp);","lastModifiedDate":"2023-03-20"},{"lineNumber":47,"author":{"gitId":"badassengineer"},"content":"        setAlignment(Pos.CENTER_LEFT);","lastModifiedDate":"2023-03-20"},{"lineNumber":48,"author":{"gitId":"badassengineer"},"content":"    }","lastModifiedDate":"2023-03-20"},{"lineNumber":49,"author":{"gitId":"badassengineer"},"content":"","lastModifiedDate":"2023-03-20"},{"lineNumber":50,"author":{"gitId":"badassengineer"},"content":"    public static DialogBox getUserDialog(String text, Image img) {","lastModifiedDate":"2023-03-20"},{"lineNumber":51,"author":{"gitId":"badassengineer"},"content":"        return new DialogBox(text, img);","lastModifiedDate":"2023-03-20"},{"lineNumber":52,"author":{"gitId":"badassengineer"},"content":"    }","lastModifiedDate":"2023-03-20"},{"lineNumber":53,"author":{"gitId":"badassengineer"},"content":"","lastModifiedDate":"2023-03-20"},{"lineNumber":54,"author":{"gitId":"badassengineer"},"content":"    public static DialogBox getDukeDialog(String text, Image img) {","lastModifiedDate":"2023-03-20"},{"lineNumber":55,"author":{"gitId":"badassengineer"},"content":"        var db \u003d new DialogBox(text, img);","lastModifiedDate":"2023-03-20"},{"lineNumber":56,"author":{"gitId":"badassengineer"},"content":"        db.flip();","lastModifiedDate":"2023-03-20"},{"lineNumber":57,"author":{"gitId":"badassengineer"},"content":"        return db;","lastModifiedDate":"2023-03-20"},{"lineNumber":58,"author":{"gitId":"badassengineer"},"content":"    }","lastModifiedDate":"2023-03-20"},{"lineNumber":59,"author":{"gitId":"badassengineer"},"content":"}","lastModifiedDate":"2023-03-20"}],"authorContributionMap":{"badassengineer":59}},{"path":"src/main/java/Duke.java","fileType":"java","lines":[{"lineNumber":1,"author":{"gitId":"-"},"content":"import duke.storage.Storage;","lastModifiedDate":"2022-09-18"},{"lineNumber":2,"author":{"gitId":"-"},"content":"import duke.parser.Parser;","lastModifiedDate":"2022-09-18"},{"lineNumber":3,"author":{"gitId":"-"},"content":"import duke.task.*;","lastModifiedDate":"2022-09-04"},{"lineNumber":4,"author":{"gitId":"-"},"content":"import duke.commands.Command;","lastModifiedDate":"2022-09-18"},{"lineNumber":5,"author":{"gitId":"-"},"content":"import duke.exception.DukeException;","lastModifiedDate":"2022-09-04"},{"lineNumber":6,"author":{"gitId":"-"},"content":"import java.io.*;","lastModifiedDate":"2022-09-17"},{"lineNumber":7,"author":{"gitId":"-"},"content":"import java.util.ArrayList;","lastModifiedDate":"2022-08-20"},{"lineNumber":8,"author":{"gitId":"-"},"content":"","lastModifiedDate":"2022-08-19"},{"lineNumber":9,"author":{"gitId":"-"},"content":"/**","lastModifiedDate":"2022-09-17"},{"lineNumber":10,"author":{"gitId":"-"},"content":" * This \u003ccode\u003eDuke\u003c/code\u003e class is the main class of the Duke application.","lastModifiedDate":"2022-09-17"},{"lineNumber":11,"author":{"gitId":"-"},"content":" * This includes the main method and other methods that taps into abstracted","lastModifiedDate":"2022-09-17"},{"lineNumber":12,"author":{"gitId":"-"},"content":" * classes.","lastModifiedDate":"2022-09-17"},{"lineNumber":13,"author":{"gitId":"-"},"content":" */","lastModifiedDate":"2022-09-17"},{"lineNumber":14,"author":{"gitId":"-"},"content":"public class Duke {","lastModifiedDate":"2019-07-29"},{"lineNumber":15,"author":{"gitId":"-"},"content":"    private static File file;","lastModifiedDate":"2022-09-17"},{"lineNumber":16,"author":{"gitId":"-"},"content":"    private static ArrayList\u003cTask\u003e taskList;","lastModifiedDate":"2022-09-18"},{"lineNumber":17,"author":{"gitId":"-"},"content":"    private Storage storage;","lastModifiedDate":"2022-09-18"},{"lineNumber":18,"author":{"gitId":"-"},"content":"","lastModifiedDate":"2022-08-19"},{"lineNumber":19,"author":{"gitId":"badassengineer"},"content":"    public String setWorkingFile(String filename) {","lastModifiedDate":"2023-03-20"},{"lineNumber":20,"author":{"gitId":"-"},"content":"        String home \u003d System.getProperty(\"user.home\");","lastModifiedDate":"2022-09-17"},{"lineNumber":21,"author":{"gitId":"-"},"content":"        java.nio.file.Path directory \u003d java.nio.file.Paths.get(home, \"Duke\");","lastModifiedDate":"2022-09-17"},{"lineNumber":22,"author":{"gitId":"-"},"content":"        java.nio.file.Path pathFile \u003d java.nio.file.Paths.get(home, \"Duke\", filename + \".txt\");","lastModifiedDate":"2022-09-17"},{"lineNumber":23,"author":{"gitId":"-"},"content":"        file \u003d pathFile.toFile();","lastModifiedDate":"2022-09-17"},{"lineNumber":24,"author":{"gitId":"-"},"content":"","lastModifiedDate":"2022-09-17"},{"lineNumber":25,"author":{"gitId":"-"},"content":"        taskList \u003d new ArrayList\u003c\u003e();","lastModifiedDate":"2022-09-18"},{"lineNumber":26,"author":{"gitId":"-"},"content":"        storage \u003d new Storage(directory, pathFile, taskList);","lastModifiedDate":"2022-09-18"},{"lineNumber":27,"author":{"gitId":"-"},"content":"","lastModifiedDate":"2022-09-04"},{"lineNumber":28,"author":{"gitId":"badassengineer"},"content":"        return Parser.parseTaskFromFile(pathFile, storage);","lastModifiedDate":"2023-03-20"},{"lineNumber":29,"author":{"gitId":"-"},"content":"    }","lastModifiedDate":"2022-09-04"},{"lineNumber":30,"author":{"gitId":"-"},"content":"","lastModifiedDate":"2022-09-18"},{"lineNumber":31,"author":{"gitId":"badassengineer"},"content":"    /**","lastModifiedDate":"2023-03-20"},{"lineNumber":32,"author":{"gitId":"badassengineer"},"content":"     * You should have your own function to generate a response to user input.","lastModifiedDate":"2023-03-20"},{"lineNumber":33,"author":{"gitId":"badassengineer"},"content":"     * Replace this stub with your completed method.","lastModifiedDate":"2023-03-20"},{"lineNumber":34,"author":{"gitId":"badassengineer"},"content":"     */","lastModifiedDate":"2023-03-20"},{"lineNumber":35,"author":{"gitId":"badassengineer"},"content":"    protected String getResponse(String input) {","lastModifiedDate":"2023-03-20"},{"lineNumber":36,"author":{"gitId":"-"},"content":"        try {","lastModifiedDate":"2022-09-18"},{"lineNumber":37,"author":{"gitId":"badassengineer"},"content":"            if (input.startsWith(\"sf\")) {","lastModifiedDate":"2023-03-20"},{"lineNumber":38,"author":{"gitId":"badassengineer"},"content":"                return setWorkingFile(input.substring(3));","lastModifiedDate":"2023-03-20"},{"lineNumber":39,"author":{"gitId":"badassengineer"},"content":"            } else if (file \u003d\u003d null) {","lastModifiedDate":"2023-03-20"},{"lineNumber":40,"author":{"gitId":"badassengineer"},"content":"                return \"Please set the working file first!\";","lastModifiedDate":"2023-03-20"},{"lineNumber":41,"author":{"gitId":"badassengineer"},"content":"            } else {","lastModifiedDate":"2023-03-20"},{"lineNumber":42,"author":{"gitId":"badassengineer"},"content":"                Command c \u003d Parser.parseUserInput(input);","lastModifiedDate":"2023-03-20"},{"lineNumber":43,"author":{"gitId":"badassengineer"},"content":"                return c.execute(input, taskList, storage, file);","lastModifiedDate":"2023-03-20"},{"lineNumber":44,"author":{"gitId":"-"},"content":"            }","lastModifiedDate":"2022-09-04"},{"lineNumber":45,"author":{"gitId":"badassengineer"},"content":"        } catch (DukeException e) {","lastModifiedDate":"2023-03-20"},{"lineNumber":46,"author":{"gitId":"badassengineer"},"content":"            return e.getMessage();","lastModifiedDate":"2023-03-20"},{"lineNumber":47,"author":{"gitId":"-"},"content":"        }","lastModifiedDate":"2022-09-17"},{"lineNumber":48,"author":{"gitId":"-"},"content":"    }","lastModifiedDate":"2019-07-29"},{"lineNumber":49,"author":{"gitId":"-"},"content":"}","lastModifiedDate":"2022-08-20"}],"authorContributionMap":{"badassengineer":16,"-":33}},{"path":"src/main/java/Launcher.java","fileType":"java","lines":[{"lineNumber":1,"author":{"gitId":"badassengineer"},"content":"import javafx.application.Application;","lastModifiedDate":"2023-03-20"},{"lineNumber":2,"author":{"gitId":"badassengineer"},"content":"","lastModifiedDate":"2023-03-20"},{"lineNumber":3,"author":{"gitId":"badassengineer"},"content":"/**","lastModifiedDate":"2023-03-20"},{"lineNumber":4,"author":{"gitId":"badassengineer"},"content":" * A launcher class to workaround classpath issues.","lastModifiedDate":"2023-03-20"},{"lineNumber":5,"author":{"gitId":"badassengineer"},"content":" */","lastModifiedDate":"2023-03-20"},{"lineNumber":6,"author":{"gitId":"badassengineer"},"content":"public class Launcher {","lastModifiedDate":"2023-03-20"},{"lineNumber":7,"author":{"gitId":"badassengineer"},"content":"    public static void main(String[] args) {","lastModifiedDate":"2023-03-20"},{"lineNumber":8,"author":{"gitId":"badassengineer"},"content":"        Application.launch(Main.class, args);","lastModifiedDate":"2023-03-20"},{"lineNumber":9,"author":{"gitId":"badassengineer"},"content":"    }","lastModifiedDate":"2023-03-20"},{"lineNumber":10,"author":{"gitId":"badassengineer"},"content":"}","lastModifiedDate":"2023-03-20"}],"authorContributionMap":{"badassengineer":10}},{"path":"src/main/java/Main.java","fileType":"java","lines":[{"lineNumber":1,"author":{"gitId":"badassengineer"},"content":"import java.io.IOException;","lastModifiedDate":"2023-03-20"},{"lineNumber":2,"author":{"gitId":"badassengineer"},"content":"","lastModifiedDate":"2023-03-20"},{"lineNumber":3,"author":{"gitId":"badassengineer"},"content":"import javafx.application.Application;","lastModifiedDate":"2023-03-20"},{"lineNumber":4,"author":{"gitId":"badassengineer"},"content":"import javafx.fxml.FXMLLoader;","lastModifiedDate":"2023-03-20"},{"lineNumber":5,"author":{"gitId":"badassengineer"},"content":"import javafx.scene.Scene;","lastModifiedDate":"2023-03-20"},{"lineNumber":6,"author":{"gitId":"badassengineer"},"content":"import javafx.scene.layout.AnchorPane;","lastModifiedDate":"2023-03-20"},{"lineNumber":7,"author":{"gitId":"badassengineer"},"content":"import javafx.stage.Stage;","lastModifiedDate":"2023-03-20"},{"lineNumber":8,"author":{"gitId":"badassengineer"},"content":"","lastModifiedDate":"2023-03-20"},{"lineNumber":9,"author":{"gitId":"badassengineer"},"content":"/**","lastModifiedDate":"2023-03-20"},{"lineNumber":10,"author":{"gitId":"badassengineer"},"content":" * A GUI for Duke using FXML.","lastModifiedDate":"2023-03-20"},{"lineNumber":11,"author":{"gitId":"badassengineer"},"content":" */","lastModifiedDate":"2023-03-20"},{"lineNumber":12,"author":{"gitId":"badassengineer"},"content":"public class Main extends Application {","lastModifiedDate":"2023-03-20"},{"lineNumber":13,"author":{"gitId":"badassengineer"},"content":"","lastModifiedDate":"2023-03-20"},{"lineNumber":14,"author":{"gitId":"badassengineer"},"content":"    private Duke duke \u003d new Duke();","lastModifiedDate":"2023-03-20"},{"lineNumber":15,"author":{"gitId":"badassengineer"},"content":"","lastModifiedDate":"2023-03-20"},{"lineNumber":16,"author":{"gitId":"badassengineer"},"content":"    @Override","lastModifiedDate":"2023-03-20"},{"lineNumber":17,"author":{"gitId":"badassengineer"},"content":"    public void start(Stage stage) {","lastModifiedDate":"2023-03-20"},{"lineNumber":18,"author":{"gitId":"badassengineer"},"content":"        try {","lastModifiedDate":"2023-03-20"},{"lineNumber":19,"author":{"gitId":"badassengineer"},"content":"            FXMLLoader fxmlLoader \u003d new FXMLLoader(Main.class.getResource(\"/view/MainWindow.fxml\"));","lastModifiedDate":"2023-03-20"},{"lineNumber":20,"author":{"gitId":"badassengineer"},"content":"            AnchorPane ap \u003d fxmlLoader.load();","lastModifiedDate":"2023-03-20"},{"lineNumber":21,"author":{"gitId":"badassengineer"},"content":"            Scene scene \u003d new Scene(ap);","lastModifiedDate":"2023-03-20"},{"lineNumber":22,"author":{"gitId":"badassengineer"},"content":"            stage.setScene(scene);","lastModifiedDate":"2023-03-20"},{"lineNumber":23,"author":{"gitId":"badassengineer"},"content":"            fxmlLoader.\u003cMainWindow\u003egetController().setDuke(duke);","lastModifiedDate":"2023-03-20"},{"lineNumber":24,"author":{"gitId":"badassengineer"},"content":"            stage.show();","lastModifiedDate":"2023-03-20"},{"lineNumber":25,"author":{"gitId":"badassengineer"},"content":"        } catch (IOException e) {","lastModifiedDate":"2023-03-20"},{"lineNumber":26,"author":{"gitId":"badassengineer"},"content":"            e.printStackTrace();","lastModifiedDate":"2023-03-20"},{"lineNumber":27,"author":{"gitId":"badassengineer"},"content":"        }","lastModifiedDate":"2023-03-20"},{"lineNumber":28,"author":{"gitId":"badassengineer"},"content":"    }","lastModifiedDate":"2023-03-20"},{"lineNumber":29,"author":{"gitId":"badassengineer"},"content":"}","lastModifiedDate":"2023-03-20"}],"authorContributionMap":{"badassengineer":29}},{"path":"src/main/java/MainWindow.java","fileType":"java","lines":[{"lineNumber":1,"author":{"gitId":"badassengineer"},"content":"import javafx.fxml.FXML;","lastModifiedDate":"2023-03-20"},{"lineNumber":2,"author":{"gitId":"badassengineer"},"content":"import javafx.scene.control.ScrollPane;","lastModifiedDate":"2023-03-20"},{"lineNumber":3,"author":{"gitId":"badassengineer"},"content":"import javafx.scene.control.TextField;","lastModifiedDate":"2023-03-20"},{"lineNumber":4,"author":{"gitId":"badassengineer"},"content":"import javafx.scene.image.Image;","lastModifiedDate":"2023-03-20"},{"lineNumber":5,"author":{"gitId":"badassengineer"},"content":"import javafx.scene.layout.AnchorPane;","lastModifiedDate":"2023-03-20"},{"lineNumber":6,"author":{"gitId":"badassengineer"},"content":"import javafx.scene.layout.VBox;","lastModifiedDate":"2023-03-20"},{"lineNumber":7,"author":{"gitId":"badassengineer"},"content":"/**","lastModifiedDate":"2023-03-20"},{"lineNumber":8,"author":{"gitId":"badassengineer"},"content":" * Controller for MainWindow. Provides the layout for the other controls.","lastModifiedDate":"2023-03-20"},{"lineNumber":9,"author":{"gitId":"badassengineer"},"content":" */","lastModifiedDate":"2023-03-20"},{"lineNumber":10,"author":{"gitId":"badassengineer"},"content":"public class MainWindow extends AnchorPane {","lastModifiedDate":"2023-03-20"},{"lineNumber":11,"author":{"gitId":"badassengineer"},"content":"    @FXML","lastModifiedDate":"2023-03-20"},{"lineNumber":12,"author":{"gitId":"badassengineer"},"content":"    private ScrollPane scrollPane;","lastModifiedDate":"2023-03-20"},{"lineNumber":13,"author":{"gitId":"badassengineer"},"content":"    @FXML","lastModifiedDate":"2023-03-20"},{"lineNumber":14,"author":{"gitId":"badassengineer"},"content":"    private VBox dialogContainer;","lastModifiedDate":"2023-03-20"},{"lineNumber":15,"author":{"gitId":"badassengineer"},"content":"    @FXML","lastModifiedDate":"2023-03-20"},{"lineNumber":16,"author":{"gitId":"badassengineer"},"content":"    private TextField userInput;","lastModifiedDate":"2023-03-20"},{"lineNumber":17,"author":{"gitId":"badassengineer"},"content":"","lastModifiedDate":"2023-03-20"},{"lineNumber":18,"author":{"gitId":"badassengineer"},"content":"    private Duke duke;","lastModifiedDate":"2023-03-20"},{"lineNumber":19,"author":{"gitId":"badassengineer"},"content":"","lastModifiedDate":"2023-03-20"},{"lineNumber":20,"author":{"gitId":"badassengineer"},"content":"    private Image userImage \u003d new Image(this.getClass().getResourceAsStream(\"/images/user.png\"));","lastModifiedDate":"2023-03-20"},{"lineNumber":21,"author":{"gitId":"badassengineer"},"content":"    private Image dukeImage \u003d new Image(this.getClass().getResourceAsStream(\"/images/duke.png\"));","lastModifiedDate":"2023-03-20"},{"lineNumber":22,"author":{"gitId":"badassengineer"},"content":"","lastModifiedDate":"2023-03-20"},{"lineNumber":23,"author":{"gitId":"badassengineer"},"content":"    @FXML","lastModifiedDate":"2023-03-20"},{"lineNumber":24,"author":{"gitId":"badassengineer"},"content":"    public void initialize() {","lastModifiedDate":"2023-03-20"},{"lineNumber":25,"author":{"gitId":"badassengineer"},"content":"        scrollPane.vvalueProperty().bind(dialogContainer.heightProperty());","lastModifiedDate":"2023-03-20"},{"lineNumber":26,"author":{"gitId":"badassengineer"},"content":"        dialogContainer.getChildren().addAll(DialogBox.getDukeDialog(\"Set the working file to begin. \", dukeImage));","lastModifiedDate":"2023-03-20"},{"lineNumber":27,"author":{"gitId":"badassengineer"},"content":"    }","lastModifiedDate":"2023-03-20"},{"lineNumber":28,"author":{"gitId":"badassengineer"},"content":"","lastModifiedDate":"2023-03-20"},{"lineNumber":29,"author":{"gitId":"badassengineer"},"content":"    public void setDuke(Duke d) {","lastModifiedDate":"2023-03-20"},{"lineNumber":30,"author":{"gitId":"badassengineer"},"content":"        duke \u003d d;","lastModifiedDate":"2023-03-20"},{"lineNumber":31,"author":{"gitId":"badassengineer"},"content":"    }","lastModifiedDate":"2023-03-20"},{"lineNumber":32,"author":{"gitId":"badassengineer"},"content":"","lastModifiedDate":"2023-03-20"},{"lineNumber":33,"author":{"gitId":"badassengineer"},"content":"    /**","lastModifiedDate":"2023-03-20"},{"lineNumber":34,"author":{"gitId":"badassengineer"},"content":"     * Creates two dialog boxes, one echoing user input and the other containing Duke\u0027s reply and then appends them to","lastModifiedDate":"2023-03-20"},{"lineNumber":35,"author":{"gitId":"badassengineer"},"content":"     * the dialog container. Clears the user input after processing.","lastModifiedDate":"2023-03-20"},{"lineNumber":36,"author":{"gitId":"badassengineer"},"content":"     */","lastModifiedDate":"2023-03-20"},{"lineNumber":37,"author":{"gitId":"badassengineer"},"content":"    @FXML","lastModifiedDate":"2023-03-20"},{"lineNumber":38,"author":{"gitId":"badassengineer"},"content":"    private void handleUserInput() {","lastModifiedDate":"2023-03-20"},{"lineNumber":39,"author":{"gitId":"badassengineer"},"content":"        String input \u003d userInput.getText();","lastModifiedDate":"2023-03-20"},{"lineNumber":40,"author":{"gitId":"badassengineer"},"content":"        String response \u003d duke.getResponse(input);","lastModifiedDate":"2023-03-20"},{"lineNumber":41,"author":{"gitId":"badassengineer"},"content":"        dialogContainer.getChildren().addAll(","lastModifiedDate":"2023-03-20"},{"lineNumber":42,"author":{"gitId":"badassengineer"},"content":"                DialogBox.getUserDialog(input, userImage),","lastModifiedDate":"2023-03-20"},{"lineNumber":43,"author":{"gitId":"badassengineer"},"content":"                DialogBox.getDukeDialog(response, dukeImage)","lastModifiedDate":"2023-03-20"},{"lineNumber":44,"author":{"gitId":"badassengineer"},"content":"        );","lastModifiedDate":"2023-03-20"},{"lineNumber":45,"author":{"gitId":"badassengineer"},"content":"        userInput.clear();","lastModifiedDate":"2023-03-20"},{"lineNumber":46,"author":{"gitId":"badassengineer"},"content":"    }","lastModifiedDate":"2023-03-20"},{"lineNumber":47,"author":{"gitId":"badassengineer"},"content":"}","lastModifiedDate":"2023-03-20"}],"authorContributionMap":{"badassengineer":47}},{"path":"src/main/java/duke/commands/AddCommand.java","fileType":"java","lines":[{"lineNumber":1,"author":{"gitId":"-"},"content":"package duke.commands;","lastModifiedDate":"2022-09-18"},{"lineNumber":2,"author":{"gitId":"-"},"content":"","lastModifiedDate":"2022-09-18"},{"lineNumber":3,"author":{"gitId":"-"},"content":"import duke.exception.DukeException;","lastModifiedDate":"2022-09-18"},{"lineNumber":4,"author":{"gitId":"-"},"content":"import duke.storage.Storage;","lastModifiedDate":"2022-09-18"},{"lineNumber":5,"author":{"gitId":"-"},"content":"import duke.task.DeadlineTask;","lastModifiedDate":"2022-09-18"},{"lineNumber":6,"author":{"gitId":"-"},"content":"import duke.task.EventTask;","lastModifiedDate":"2022-09-18"},{"lineNumber":7,"author":{"gitId":"-"},"content":"import duke.task.Task;","lastModifiedDate":"2022-09-18"},{"lineNumber":8,"author":{"gitId":"-"},"content":"import duke.task.TodoTask;","lastModifiedDate":"2022-09-18"},{"lineNumber":9,"author":{"gitId":"-"},"content":"import java.io.File;","lastModifiedDate":"2022-09-18"},{"lineNumber":10,"author":{"gitId":"-"},"content":"import java.util.ArrayList;","lastModifiedDate":"2022-09-18"},{"lineNumber":11,"author":{"gitId":"-"},"content":"","lastModifiedDate":"2022-09-18"},{"lineNumber":12,"author":{"gitId":"-"},"content":"public class AddCommand extends Command {","lastModifiedDate":"2022-09-18"},{"lineNumber":13,"author":{"gitId":"-"},"content":"    @Override","lastModifiedDate":"2022-09-18"},{"lineNumber":14,"author":{"gitId":"badassengineer"},"content":"    public String execute(String userInput, ArrayList\u003cTask\u003e taskList, Storage storage, File file) throws DukeException {","lastModifiedDate":"2023-03-20"},{"lineNumber":15,"author":{"gitId":"-"},"content":"        try {","lastModifiedDate":"2022-09-18"},{"lineNumber":16,"author":{"gitId":"badassengineer"},"content":"            String newLine \u003d System.getProperty(\"line.separator\");","lastModifiedDate":"2023-03-20"},{"lineNumber":17,"author":{"gitId":"-"},"content":"            String description;","lastModifiedDate":"2022-09-18"},{"lineNumber":18,"author":{"gitId":"-"},"content":"            boolean isIncluded \u003d false;","lastModifiedDate":"2022-09-18"},{"lineNumber":19,"author":{"gitId":"-"},"content":"            String[] firstWord \u003d userInput.split(\" \", 2);","lastModifiedDate":"2022-09-18"},{"lineNumber":20,"author":{"gitId":"-"},"content":"","lastModifiedDate":"2022-09-18"},{"lineNumber":21,"author":{"gitId":"badassengineer"},"content":"            if (firstWord[1].isBlank()) {","lastModifiedDate":"2023-03-20"},{"lineNumber":22,"author":{"gitId":"badassengineer"},"content":"                return \"\\u2639 \" + firstWord[0] + \" keyword must not be empty!\";","lastModifiedDate":"2023-03-20"},{"lineNumber":23,"author":{"gitId":"-"},"content":"            }","lastModifiedDate":"2022-09-18"},{"lineNumber":24,"author":{"gitId":"-"},"content":"","lastModifiedDate":"2022-09-18"},{"lineNumber":25,"author":{"gitId":"-"},"content":"            for (Task task : taskList) {","lastModifiedDate":"2022-09-18"},{"lineNumber":26,"author":{"gitId":"-"},"content":"                if (task.getDescription().equals((firstWord[1].split(\" /\", 2))[0])) {","lastModifiedDate":"2022-09-18"},{"lineNumber":27,"author":{"gitId":"-"},"content":"                    isIncluded \u003d true;","lastModifiedDate":"2022-09-18"},{"lineNumber":28,"author":{"gitId":"-"},"content":"                    break;","lastModifiedDate":"2022-09-18"},{"lineNumber":29,"author":{"gitId":"-"},"content":"                }","lastModifiedDate":"2022-09-18"},{"lineNumber":30,"author":{"gitId":"-"},"content":"            }","lastModifiedDate":"2022-09-18"},{"lineNumber":31,"author":{"gitId":"-"},"content":"","lastModifiedDate":"2022-09-18"},{"lineNumber":32,"author":{"gitId":"-"},"content":"            if (isIncluded) {","lastModifiedDate":"2022-09-18"},{"lineNumber":33,"author":{"gitId":"badassengineer"},"content":"                return \"The current list contains this task.\";","lastModifiedDate":"2023-03-20"},{"lineNumber":34,"author":{"gitId":"-"},"content":"            } else {","lastModifiedDate":"2022-09-18"},{"lineNumber":35,"author":{"gitId":"-"},"content":"                switch (firstWord[0]) {","lastModifiedDate":"2022-09-18"},{"lineNumber":36,"author":{"gitId":"-"},"content":"                    case \"todo\": {","lastModifiedDate":"2022-09-18"},{"lineNumber":37,"author":{"gitId":"-"},"content":"                        description \u003d userInput.substring(5);","lastModifiedDate":"2022-09-18"},{"lineNumber":38,"author":{"gitId":"-"},"content":"","lastModifiedDate":"2022-09-18"},{"lineNumber":39,"author":{"gitId":"-"},"content":"                        taskList.add(new TodoTask(description));","lastModifiedDate":"2022-09-18"},{"lineNumber":40,"author":{"gitId":"-"},"content":"                        break;","lastModifiedDate":"2022-09-18"},{"lineNumber":41,"author":{"gitId":"-"},"content":"                    }","lastModifiedDate":"2022-09-18"},{"lineNumber":42,"author":{"gitId":"-"},"content":"                    case \"deadline\": {","lastModifiedDate":"2022-09-18"},{"lineNumber":43,"author":{"gitId":"-"},"content":"                        description \u003d userInput.substring(9, userInput.indexOf(\" /by\"));","lastModifiedDate":"2022-09-18"},{"lineNumber":44,"author":{"gitId":"-"},"content":"                        String by \u003d userInput.substring(userInput.indexOf(\"/by\") + 4);","lastModifiedDate":"2022-09-18"},{"lineNumber":45,"author":{"gitId":"-"},"content":"","lastModifiedDate":"2022-09-18"},{"lineNumber":46,"author":{"gitId":"-"},"content":"                        taskList.add(new DeadlineTask(description, by));","lastModifiedDate":"2022-09-18"},{"lineNumber":47,"author":{"gitId":"-"},"content":"                        break;","lastModifiedDate":"2022-09-18"},{"lineNumber":48,"author":{"gitId":"-"},"content":"                    }","lastModifiedDate":"2022-09-18"},{"lineNumber":49,"author":{"gitId":"-"},"content":"                    case \"event\": {","lastModifiedDate":"2022-09-18"},{"lineNumber":50,"author":{"gitId":"-"},"content":"                        description \u003d userInput.substring(6, userInput.indexOf(\" /at\"));","lastModifiedDate":"2022-09-18"},{"lineNumber":51,"author":{"gitId":"-"},"content":"                        String at \u003d userInput.substring(userInput.indexOf(\"/at\") + 4);","lastModifiedDate":"2022-09-18"},{"lineNumber":52,"author":{"gitId":"-"},"content":"","lastModifiedDate":"2022-09-18"},{"lineNumber":53,"author":{"gitId":"-"},"content":"                        taskList.add(new EventTask(description, at));","lastModifiedDate":"2022-09-18"},{"lineNumber":54,"author":{"gitId":"-"},"content":"                        break;","lastModifiedDate":"2022-09-18"},{"lineNumber":55,"author":{"gitId":"-"},"content":"                    }","lastModifiedDate":"2022-09-18"},{"lineNumber":56,"author":{"gitId":"-"},"content":"                }","lastModifiedDate":"2022-09-18"},{"lineNumber":57,"author":{"gitId":"-"},"content":"","lastModifiedDate":"2022-09-18"},{"lineNumber":58,"author":{"gitId":"-"},"content":"                for (int i \u003d 0; i \u003c taskList.size(); i++) {","lastModifiedDate":"2022-09-18"},{"lineNumber":59,"author":{"gitId":"-"},"content":"                    storage.saveTaskToFile(taskList.get(i), file);","lastModifiedDate":"2022-09-18"},{"lineNumber":60,"author":{"gitId":"-"},"content":"                }","lastModifiedDate":"2022-09-18"},{"lineNumber":61,"author":{"gitId":"-"},"content":"","lastModifiedDate":"2022-09-18"},{"lineNumber":62,"author":{"gitId":"badassengineer"},"content":"                return \"     Got it. I\u0027ve added this task:\"","lastModifiedDate":"2023-03-20"},{"lineNumber":63,"author":{"gitId":"badassengineer"},"content":"                        .concat(newLine)","lastModifiedDate":"2023-03-20"},{"lineNumber":64,"author":{"gitId":"badassengineer"},"content":"                        .concat(\"       \" + (taskList.get(taskList.size() - 1)))","lastModifiedDate":"2023-03-20"},{"lineNumber":65,"author":{"gitId":"badassengineer"},"content":"                        .concat(newLine)","lastModifiedDate":"2023-03-20"},{"lineNumber":66,"author":{"gitId":"badassengineer"},"content":"                        .concat(\"     Now you have \" + Task.getTotalTask() + \" task(s) in the list.\");","lastModifiedDate":"2023-03-20"},{"lineNumber":67,"author":{"gitId":"-"},"content":"            }","lastModifiedDate":"2022-09-18"},{"lineNumber":68,"author":{"gitId":"-"},"content":"        } catch (ArrayIndexOutOfBoundsException e) {","lastModifiedDate":"2022-09-18"},{"lineNumber":69,"author":{"gitId":"badassengineer"},"content":"            return \"\\u2639 \" + userInput + \" keyword must be followed by a new valid task\";","lastModifiedDate":"2023-03-20"},{"lineNumber":70,"author":{"gitId":"-"},"content":"        } catch (StringIndexOutOfBoundsException e) {","lastModifiedDate":"2022-09-18"},{"lineNumber":71,"author":{"gitId":"badassengineer"},"content":"            return \"\\u2639 \" + \"Check the Duke basic input commands!!! Correct input format must be provided.\";","lastModifiedDate":"2023-03-20"},{"lineNumber":72,"author":{"gitId":"-"},"content":"        }","lastModifiedDate":"2022-09-18"},{"lineNumber":73,"author":{"gitId":"-"},"content":"    }","lastModifiedDate":"2022-09-18"},{"lineNumber":74,"author":{"gitId":"-"},"content":"}","lastModifiedDate":"2022-09-18"}],"authorContributionMap":{"badassengineer":12,"-":62}},{"path":"src/main/java/duke/commands/Command.java","fileType":"java","lines":[{"lineNumber":1,"author":{"gitId":"-"},"content":"package duke.commands;","lastModifiedDate":"2022-09-18"},{"lineNumber":2,"author":{"gitId":"-"},"content":"","lastModifiedDate":"2022-10-02"},{"lineNumber":3,"author":{"gitId":"-"},"content":"import duke.storage.Storage;","lastModifiedDate":"2022-09-18"},{"lineNumber":4,"author":{"gitId":"-"},"content":"import duke.task.Task;","lastModifiedDate":"2022-09-18"},{"lineNumber":5,"author":{"gitId":"-"},"content":"import duke.exception.DukeException;","lastModifiedDate":"2022-09-18"},{"lineNumber":6,"author":{"gitId":"-"},"content":"import java.io.File;","lastModifiedDate":"2022-09-18"},{"lineNumber":7,"author":{"gitId":"-"},"content":"import java.util.ArrayList;","lastModifiedDate":"2022-09-18"},{"lineNumber":8,"author":{"gitId":"-"},"content":"","lastModifiedDate":"2022-09-18"},{"lineNumber":9,"author":{"gitId":"-"},"content":"public abstract class Command {","lastModifiedDate":"2022-09-18"},{"lineNumber":10,"author":{"gitId":"-"},"content":"    public static boolean isExit \u003d false;","lastModifiedDate":"2022-09-18"},{"lineNumber":11,"author":{"gitId":"-"},"content":"","lastModifiedDate":"2022-09-18"},{"lineNumber":12,"author":{"gitId":"badassengineer"},"content":"    public abstract String execute(String userInput, ArrayList\u003cTask\u003e taskList, Storage storage, File file) throws DukeException;","lastModifiedDate":"2023-03-20"},{"lineNumber":13,"author":{"gitId":"-"},"content":"}","lastModifiedDate":"2022-09-18"}],"authorContributionMap":{"badassengineer":1,"-":12}},{"path":"src/main/java/duke/commands/DeleteCommand.java","fileType":"java","lines":[{"lineNumber":1,"author":{"gitId":"-"},"content":"package duke.commands;","lastModifiedDate":"2022-09-18"},{"lineNumber":2,"author":{"gitId":"-"},"content":"","lastModifiedDate":"2022-10-02"},{"lineNumber":3,"author":{"gitId":"-"},"content":"import duke.exception.DukeException;","lastModifiedDate":"2022-09-18"},{"lineNumber":4,"author":{"gitId":"-"},"content":"import duke.storage.Storage;","lastModifiedDate":"2022-09-18"},{"lineNumber":5,"author":{"gitId":"-"},"content":"import duke.task.Task;","lastModifiedDate":"2022-09-18"},{"lineNumber":6,"author":{"gitId":"-"},"content":"import java.io.File;","lastModifiedDate":"2022-09-18"},{"lineNumber":7,"author":{"gitId":"-"},"content":"import java.util.ArrayList;","lastModifiedDate":"2022-09-18"},{"lineNumber":8,"author":{"gitId":"-"},"content":"","lastModifiedDate":"2022-09-18"},{"lineNumber":9,"author":{"gitId":"-"},"content":"public class DeleteCommand extends Command {","lastModifiedDate":"2022-09-18"},{"lineNumber":10,"author":{"gitId":"-"},"content":"    @Override","lastModifiedDate":"2022-09-18"},{"lineNumber":11,"author":{"gitId":"badassengineer"},"content":"    public String execute(String userInput, ArrayList\u003cTask\u003e taskList, Storage storage, File file) throws DukeException {","lastModifiedDate":"2023-03-20"},{"lineNumber":12,"author":{"gitId":"-"},"content":"        try {","lastModifiedDate":"2022-09-18"},{"lineNumber":13,"author":{"gitId":"badassengineer"},"content":"            String newLine \u003d System.getProperty(\"line.separator\");","lastModifiedDate":"2023-03-20"},{"lineNumber":14,"author":{"gitId":"-"},"content":"            String[] firstWord \u003d userInput.split(\" \", 2);","lastModifiedDate":"2022-09-18"},{"lineNumber":15,"author":{"gitId":"-"},"content":"            int taskIndex \u003d Integer.parseInt(firstWord[1]);","lastModifiedDate":"2022-09-18"},{"lineNumber":16,"author":{"gitId":"-"},"content":"","lastModifiedDate":"2022-09-18"},{"lineNumber":17,"author":{"gitId":"-"},"content":"            if (taskIndex \u003c 1 || taskIndex \u003e taskList.size()) {","lastModifiedDate":"2022-09-18"},{"lineNumber":18,"author":{"gitId":"badassengineer"},"content":"                return \"The task item passed is not within the current task list range.\";","lastModifiedDate":"2023-03-20"},{"lineNumber":19,"author":{"gitId":"-"},"content":"            } else {","lastModifiedDate":"2022-09-18"},{"lineNumber":20,"author":{"gitId":"badassengineer"},"content":"                String removeTask \u003d String.valueOf(taskList.get(Integer.parseInt(Integer.toString(taskIndex)) - 1));","lastModifiedDate":"2023-03-20"},{"lineNumber":21,"author":{"gitId":"-"},"content":"","lastModifiedDate":"2022-09-18"},{"lineNumber":22,"author":{"gitId":"-"},"content":"                taskList.remove(taskIndex - 1);","lastModifiedDate":"2022-09-18"},{"lineNumber":23,"author":{"gitId":"-"},"content":"                Task.setTotalTask();","lastModifiedDate":"2022-09-18"},{"lineNumber":24,"author":{"gitId":"-"},"content":"                storage.updateTaskFile(taskList, file);","lastModifiedDate":"2022-09-18"},{"lineNumber":25,"author":{"gitId":"badassengineer"},"content":"","lastModifiedDate":"2023-03-20"},{"lineNumber":26,"author":{"gitId":"badassengineer"},"content":"                return \"     Noted. I\u0027ve removed this task:\"","lastModifiedDate":"2023-03-20"},{"lineNumber":27,"author":{"gitId":"badassengineer"},"content":"                        .concat(newLine)","lastModifiedDate":"2023-03-20"},{"lineNumber":28,"author":{"gitId":"badassengineer"},"content":"                        .concat(\"       \" + removeTask)","lastModifiedDate":"2023-03-20"},{"lineNumber":29,"author":{"gitId":"badassengineer"},"content":"                        .concat(newLine)","lastModifiedDate":"2023-03-20"},{"lineNumber":30,"author":{"gitId":"badassengineer"},"content":"                        .concat(\"     Now you have \" + Task.getTotalTask() + \" task(s) in the list.\");","lastModifiedDate":"2023-03-20"},{"lineNumber":31,"author":{"gitId":"-"},"content":"            }","lastModifiedDate":"2022-09-18"},{"lineNumber":32,"author":{"gitId":"-"},"content":"        } catch (StringIndexOutOfBoundsException e) {","lastModifiedDate":"2022-09-18"},{"lineNumber":33,"author":{"gitId":"badassengineer"},"content":"            return \"\\u2639 \" + \"Check the Duke basic input commands!!! Correct input format for \u0027unmark\u0027 keyword must be provided.\";","lastModifiedDate":"2023-03-20"},{"lineNumber":34,"author":{"gitId":"-"},"content":"        } catch (IndexOutOfBoundsException e) {","lastModifiedDate":"2022-09-18"},{"lineNumber":35,"author":{"gitId":"badassengineer"},"content":"            return \"\\u2639 \" + \"OOPS!!! It\u0027s either the task\u0027s list is empty or the index entered is out of bound.\";","lastModifiedDate":"2023-03-20"},{"lineNumber":36,"author":{"gitId":"-"},"content":"        } catch (NumberFormatException e) {","lastModifiedDate":"2022-09-18"},{"lineNumber":37,"author":{"gitId":"badassengineer"},"content":"            return \"\\u2639 \" + \"Check the Duke basic input commands!!! \u0027delete\u0027 keyword must be followed by a positive integer.\";","lastModifiedDate":"2023-03-20"},{"lineNumber":38,"author":{"gitId":"-"},"content":"        }","lastModifiedDate":"2022-09-18"},{"lineNumber":39,"author":{"gitId":"-"},"content":"    }","lastModifiedDate":"2022-09-18"},{"lineNumber":40,"author":{"gitId":"-"},"content":"}","lastModifiedDate":"2022-09-18"}],"authorContributionMap":{"badassengineer":13,"-":27}},{"path":"src/main/java/duke/commands/ExitCommand.java","fileType":"java","lines":[{"lineNumber":1,"author":{"gitId":"-"},"content":"package duke.commands;","lastModifiedDate":"2022-09-18"},{"lineNumber":2,"author":{"gitId":"-"},"content":"","lastModifiedDate":"2022-10-02"},{"lineNumber":3,"author":{"gitId":"-"},"content":"import duke.storage.Storage;","lastModifiedDate":"2022-09-18"},{"lineNumber":4,"author":{"gitId":"-"},"content":"import duke.task.Task;","lastModifiedDate":"2022-09-18"},{"lineNumber":5,"author":{"gitId":"-"},"content":"import java.io.File;","lastModifiedDate":"2022-09-18"},{"lineNumber":6,"author":{"gitId":"-"},"content":"import java.util.ArrayList;","lastModifiedDate":"2022-09-18"},{"lineNumber":7,"author":{"gitId":"-"},"content":"","lastModifiedDate":"2022-09-18"},{"lineNumber":8,"author":{"gitId":"-"},"content":"public class ExitCommand extends Command{","lastModifiedDate":"2022-09-18"},{"lineNumber":9,"author":{"gitId":"-"},"content":"    @Override","lastModifiedDate":"2022-09-18"},{"lineNumber":10,"author":{"gitId":"badassengineer"},"content":"    public String execute(String userInput, ArrayList\u003cTask\u003e taskList, Storage storage, File file) {","lastModifiedDate":"2023-03-20"},{"lineNumber":11,"author":{"gitId":"badassengineer"},"content":"        System.exit(0);","lastModifiedDate":"2023-03-20"},{"lineNumber":12,"author":{"gitId":"badassengineer"},"content":"        return \"    Bye. Hope to see you again soon!\";","lastModifiedDate":"2023-03-20"},{"lineNumber":13,"author":{"gitId":"-"},"content":"    }","lastModifiedDate":"2022-09-18"},{"lineNumber":14,"author":{"gitId":"-"},"content":"}","lastModifiedDate":"2022-09-18"}],"authorContributionMap":{"badassengineer":3,"-":11}},{"path":"src/main/java/duke/commands/FindCommand.java","fileType":"java","lines":[{"lineNumber":1,"author":{"gitId":"-"},"content":"package duke.commands;","lastModifiedDate":"2022-09-29"},{"lineNumber":2,"author":{"gitId":"-"},"content":"import duke.task.Task;","lastModifiedDate":"2022-09-29"},{"lineNumber":3,"author":{"gitId":"-"},"content":"import duke.storage.Storage;","lastModifiedDate":"2022-09-29"},{"lineNumber":4,"author":{"gitId":"-"},"content":"import duke.exception.DukeException;","lastModifiedDate":"2022-09-29"},{"lineNumber":5,"author":{"gitId":"-"},"content":"import java.io.File;","lastModifiedDate":"2022-09-29"},{"lineNumber":6,"author":{"gitId":"-"},"content":"import java.util.ArrayList;","lastModifiedDate":"2022-09-29"},{"lineNumber":7,"author":{"gitId":"-"},"content":"","lastModifiedDate":"2022-09-29"},{"lineNumber":8,"author":{"gitId":"-"},"content":"public class FindCommand extends Command {","lastModifiedDate":"2022-09-29"},{"lineNumber":9,"author":{"gitId":"-"},"content":"    @Override","lastModifiedDate":"2022-09-29"},{"lineNumber":10,"author":{"gitId":"badassengineer"},"content":"    public String execute(String userInput, ArrayList\u003cTask\u003e taskList, Storage storage, File file) throws DukeException {","lastModifiedDate":"2023-03-20"},{"lineNumber":11,"author":{"gitId":"-"},"content":"        try {","lastModifiedDate":"2022-09-29"},{"lineNumber":12,"author":{"gitId":"-"},"content":"            String keyword \u003d userInput.substring(5);","lastModifiedDate":"2022-09-29"},{"lineNumber":13,"author":{"gitId":"-"},"content":"            ArrayList\u003cTask\u003e matchingTaskList \u003d new ArrayList\u003c\u003e();","lastModifiedDate":"2022-09-29"},{"lineNumber":14,"author":{"gitId":"-"},"content":"","lastModifiedDate":"2022-09-29"},{"lineNumber":15,"author":{"gitId":"-"},"content":"            if (keyword.equals(\"\")) {","lastModifiedDate":"2022-09-29"},{"lineNumber":16,"author":{"gitId":"badassengineer"},"content":"                return \"\\u2639 you forgot the keyword!\";","lastModifiedDate":"2023-03-20"},{"lineNumber":17,"author":{"gitId":"-"},"content":"            } else if (taskList.isEmpty()) {","lastModifiedDate":"2022-09-29"},{"lineNumber":18,"author":{"gitId":"badassengineer"},"content":"                return \"    The list is empty!\";","lastModifiedDate":"2023-03-20"},{"lineNumber":19,"author":{"gitId":"-"},"content":"            } else {","lastModifiedDate":"2022-09-29"},{"lineNumber":20,"author":{"gitId":"-"},"content":"                for (int i \u003d 0; i \u003c taskList.size(); i++) {","lastModifiedDate":"2022-09-29"},{"lineNumber":21,"author":{"gitId":"-"},"content":"                    if (taskList.get(i).toString().contains(keyword)) {","lastModifiedDate":"2022-09-29"},{"lineNumber":22,"author":{"gitId":"-"},"content":"                        matchingTaskList.add(taskList.get(i));","lastModifiedDate":"2022-09-29"},{"lineNumber":23,"author":{"gitId":"-"},"content":"                    }","lastModifiedDate":"2022-09-29"},{"lineNumber":24,"author":{"gitId":"-"},"content":"                }","lastModifiedDate":"2022-09-29"},{"lineNumber":25,"author":{"gitId":"-"},"content":"","lastModifiedDate":"2022-09-29"},{"lineNumber":26,"author":{"gitId":"-"},"content":"                if (matchingTaskList.isEmpty()) {","lastModifiedDate":"2022-09-29"},{"lineNumber":27,"author":{"gitId":"badassengineer"},"content":"                    return \"    There are no matching tasks in your list!\";","lastModifiedDate":"2023-03-20"},{"lineNumber":28,"author":{"gitId":"-"},"content":"                } else {","lastModifiedDate":"2022-09-29"},{"lineNumber":29,"author":{"gitId":"-"},"content":"                    System.out.println(\"    Here are the matching tasks in your list:\");","lastModifiedDate":"2022-09-29"},{"lineNumber":30,"author":{"gitId":"badassengineer"},"content":"                    String s \u003d \"    Here are the matching tasks in your list:\";","lastModifiedDate":"2023-03-20"},{"lineNumber":31,"author":{"gitId":"badassengineer"},"content":"","lastModifiedDate":"2023-03-20"},{"lineNumber":32,"author":{"gitId":"-"},"content":"                    for (int j \u003d 0; j \u003c matchingTaskList.size(); j++) {","lastModifiedDate":"2022-09-29"},{"lineNumber":33,"author":{"gitId":"badassengineer"},"content":"                        s +\u003d \"\\n\" + \"      \" + (j + 1) + \".\" + (matchingTaskList.get(j));","lastModifiedDate":"2023-03-20"},{"lineNumber":34,"author":{"gitId":"-"},"content":"                    }","lastModifiedDate":"2022-09-29"},{"lineNumber":35,"author":{"gitId":"badassengineer"},"content":"","lastModifiedDate":"2023-03-20"},{"lineNumber":36,"author":{"gitId":"badassengineer"},"content":"                    return s;","lastModifiedDate":"2023-03-20"},{"lineNumber":37,"author":{"gitId":"-"},"content":"                }","lastModifiedDate":"2022-09-29"},{"lineNumber":38,"author":{"gitId":"-"},"content":"            }","lastModifiedDate":"2022-09-29"},{"lineNumber":39,"author":{"gitId":"-"},"content":"        } catch (StringIndexOutOfBoundsException e) {","lastModifiedDate":"2022-09-29"},{"lineNumber":40,"author":{"gitId":"badassengineer"},"content":"            return \"\\u2639 \" + \"Check the Duke basic input commands!!! Correct input format must be provided.\";","lastModifiedDate":"2023-03-20"},{"lineNumber":41,"author":{"gitId":"-"},"content":"        }","lastModifiedDate":"2022-09-29"},{"lineNumber":42,"author":{"gitId":"-"},"content":"    }","lastModifiedDate":"2022-09-29"},{"lineNumber":43,"author":{"gitId":"-"},"content":"}","lastModifiedDate":"2022-09-29"}],"authorContributionMap":{"badassengineer":10,"-":33}},{"path":"src/main/java/duke/commands/ListCommand.java","fileType":"java","lines":[{"lineNumber":1,"author":{"gitId":"-"},"content":"package duke.commands;","lastModifiedDate":"2022-09-18"},{"lineNumber":2,"author":{"gitId":"-"},"content":"","lastModifiedDate":"2022-10-02"},{"lineNumber":3,"author":{"gitId":"-"},"content":"import duke.exception.DukeException;","lastModifiedDate":"2022-09-18"},{"lineNumber":4,"author":{"gitId":"-"},"content":"import duke.storage.Storage;","lastModifiedDate":"2022-09-18"},{"lineNumber":5,"author":{"gitId":"-"},"content":"import duke.task.Task;","lastModifiedDate":"2022-09-18"},{"lineNumber":6,"author":{"gitId":"-"},"content":"import java.io.File;","lastModifiedDate":"2022-09-18"},{"lineNumber":7,"author":{"gitId":"-"},"content":"import java.util.ArrayList;","lastModifiedDate":"2022-09-18"},{"lineNumber":8,"author":{"gitId":"-"},"content":"","lastModifiedDate":"2022-09-18"},{"lineNumber":9,"author":{"gitId":"-"},"content":"public class ListCommand extends Command {","lastModifiedDate":"2022-09-18"},{"lineNumber":10,"author":{"gitId":"-"},"content":"    @Override","lastModifiedDate":"2022-09-18"},{"lineNumber":11,"author":{"gitId":"badassengineer"},"content":"    public String execute(String userInput, ArrayList\u003cTask\u003e taskList, Storage storage, File file) throws DukeException {","lastModifiedDate":"2023-03-20"},{"lineNumber":12,"author":{"gitId":"-"},"content":"        if (taskList.isEmpty()) {","lastModifiedDate":"2022-09-18"},{"lineNumber":13,"author":{"gitId":"badassengineer"},"content":"            return \"    The list is empty!\";","lastModifiedDate":"2023-03-20"},{"lineNumber":14,"author":{"gitId":"-"},"content":"        } else {","lastModifiedDate":"2022-09-18"},{"lineNumber":15,"author":{"gitId":"badassengineer"},"content":"            String s \u003d \"    Here are the task(s) in your file:\";","lastModifiedDate":"2023-03-20"},{"lineNumber":16,"author":{"gitId":"badassengineer"},"content":"","lastModifiedDate":"2023-03-20"},{"lineNumber":17,"author":{"gitId":"-"},"content":"            for (int i \u003d 0; i \u003c taskList.size(); i++) {","lastModifiedDate":"2022-09-18"},{"lineNumber":18,"author":{"gitId":"badassengineer"},"content":"                s +\u003d \"\\n\" + \"      \" + (i + 1) + \".\" + (taskList.get(i));","lastModifiedDate":"2023-03-20"},{"lineNumber":19,"author":{"gitId":"-"},"content":"            }","lastModifiedDate":"2022-09-18"},{"lineNumber":20,"author":{"gitId":"-"},"content":"","lastModifiedDate":"2022-09-18"},{"lineNumber":21,"author":{"gitId":"badassengineer"},"content":"            return s;","lastModifiedDate":"2023-03-20"},{"lineNumber":22,"author":{"gitId":"badassengineer"},"content":"        }","lastModifiedDate":"2023-03-20"},{"lineNumber":23,"author":{"gitId":"-"},"content":"    }","lastModifiedDate":"2022-09-18"},{"lineNumber":24,"author":{"gitId":"-"},"content":"}","lastModifiedDate":"2022-09-18"}],"authorContributionMap":{"badassengineer":7,"-":17}},{"path":"src/main/java/duke/commands/MarkCommand.java","fileType":"java","lines":[{"lineNumber":1,"author":{"gitId":"-"},"content":"package duke.commands;","lastModifiedDate":"2022-09-18"},{"lineNumber":2,"author":{"gitId":"-"},"content":"","lastModifiedDate":"2022-10-02"},{"lineNumber":3,"author":{"gitId":"-"},"content":"import duke.task.Task;","lastModifiedDate":"2022-09-18"},{"lineNumber":4,"author":{"gitId":"-"},"content":"import duke.storage.Storage;","lastModifiedDate":"2022-09-18"},{"lineNumber":5,"author":{"gitId":"-"},"content":"import duke.exception.DukeException;","lastModifiedDate":"2022-09-18"},{"lineNumber":6,"author":{"gitId":"-"},"content":"import java.io.File;","lastModifiedDate":"2022-09-18"},{"lineNumber":7,"author":{"gitId":"-"},"content":"import java.util.ArrayList;","lastModifiedDate":"2022-09-18"},{"lineNumber":8,"author":{"gitId":"-"},"content":"","lastModifiedDate":"2022-09-18"},{"lineNumber":9,"author":{"gitId":"-"},"content":"public class MarkCommand extends Command{","lastModifiedDate":"2022-09-18"},{"lineNumber":10,"author":{"gitId":"-"},"content":"    @Override","lastModifiedDate":"2022-09-18"},{"lineNumber":11,"author":{"gitId":"badassengineer"},"content":"    public String execute(String userInput, ArrayList\u003cTask\u003e taskList, Storage storage, File file) throws DukeException {","lastModifiedDate":"2023-03-20"},{"lineNumber":12,"author":{"gitId":"-"},"content":"        try {","lastModifiedDate":"2022-09-18"},{"lineNumber":13,"author":{"gitId":"badassengineer"},"content":"            String newLine \u003d System.getProperty(\"line.separator\");","lastModifiedDate":"2023-03-20"},{"lineNumber":14,"author":{"gitId":"-"},"content":"            int markTaskIndex \u003d Integer.parseInt(userInput.substring(5)) - 1;","lastModifiedDate":"2022-09-18"},{"lineNumber":15,"author":{"gitId":"-"},"content":"","lastModifiedDate":"2022-09-18"},{"lineNumber":16,"author":{"gitId":"-"},"content":"            taskList.get(markTaskIndex).setStatusIcon(\"mark\");","lastModifiedDate":"2022-09-18"},{"lineNumber":17,"author":{"gitId":"-"},"content":"            storage.updateTaskFile(taskList, file);","lastModifiedDate":"2022-09-18"},{"lineNumber":18,"author":{"gitId":"badassengineer"},"content":"","lastModifiedDate":"2023-03-20"},{"lineNumber":19,"author":{"gitId":"badassengineer"},"content":"            return \"    Nice! I\u0027ve marked this task as done:\"","lastModifiedDate":"2023-03-20"},{"lineNumber":20,"author":{"gitId":"badassengineer"},"content":"                    .concat(newLine)","lastModifiedDate":"2023-03-20"},{"lineNumber":21,"author":{"gitId":"badassengineer"},"content":"                    .concat(\"      \" + taskList.get(markTaskIndex));","lastModifiedDate":"2023-03-20"},{"lineNumber":22,"author":{"gitId":"-"},"content":"        } catch (StringIndexOutOfBoundsException e) {","lastModifiedDate":"2022-09-18"},{"lineNumber":23,"author":{"gitId":"badassengineer"},"content":"            return \"\\u2639 \" + \"Check the Duke basic input commands!!! Correct input format for \u0027mark\u0027 keyword must be provided.\";","lastModifiedDate":"2023-03-20"},{"lineNumber":24,"author":{"gitId":"-"},"content":"        } catch (IndexOutOfBoundsException e) {","lastModifiedDate":"2022-09-18"},{"lineNumber":25,"author":{"gitId":"badassengineer"},"content":"            return \"\\u2639 \" + \"OOPS!!! It\u0027s either the task\u0027s list is empty or the index entered is out of bound.\";","lastModifiedDate":"2023-03-20"},{"lineNumber":26,"author":{"gitId":"-"},"content":"        } catch (NumberFormatException e) {","lastModifiedDate":"2022-09-18"},{"lineNumber":27,"author":{"gitId":"badassengineer"},"content":"            return \"\\u2639 \" + \"Check the Duke basic input commands!!! \u0027mark\u0027 keyword must be followed by a positive integer.\";","lastModifiedDate":"2023-03-20"},{"lineNumber":28,"author":{"gitId":"-"},"content":"        } catch (DukeException e) {","lastModifiedDate":"2022-09-18"},{"lineNumber":29,"author":{"gitId":"badassengineer"},"content":"            return \"Something went wrong: \" + e.getMessage();","lastModifiedDate":"2023-03-20"},{"lineNumber":30,"author":{"gitId":"-"},"content":"        }","lastModifiedDate":"2022-09-18"},{"lineNumber":31,"author":{"gitId":"-"},"content":"    }","lastModifiedDate":"2022-09-18"},{"lineNumber":32,"author":{"gitId":"-"},"content":"}","lastModifiedDate":"2022-09-18"}],"authorContributionMap":{"badassengineer":10,"-":22}},{"path":"src/main/java/duke/commands/UnmarkCommand.java","fileType":"java","lines":[{"lineNumber":1,"author":{"gitId":"-"},"content":"package duke.commands;","lastModifiedDate":"2022-09-18"},{"lineNumber":2,"author":{"gitId":"-"},"content":"","lastModifiedDate":"2022-10-02"},{"lineNumber":3,"author":{"gitId":"-"},"content":"import duke.exception.DukeException;","lastModifiedDate":"2022-09-18"},{"lineNumber":4,"author":{"gitId":"-"},"content":"import duke.storage.Storage;","lastModifiedDate":"2022-09-18"},{"lineNumber":5,"author":{"gitId":"-"},"content":"import duke.task.Task;","lastModifiedDate":"2022-09-18"},{"lineNumber":6,"author":{"gitId":"-"},"content":"import java.io.File;","lastModifiedDate":"2022-09-18"},{"lineNumber":7,"author":{"gitId":"-"},"content":"import java.util.ArrayList;","lastModifiedDate":"2022-09-18"},{"lineNumber":8,"author":{"gitId":"-"},"content":"","lastModifiedDate":"2022-09-18"},{"lineNumber":9,"author":{"gitId":"-"},"content":"public class UnmarkCommand extends Command{","lastModifiedDate":"2022-09-18"},{"lineNumber":10,"author":{"gitId":"-"},"content":"    @Override","lastModifiedDate":"2022-09-18"},{"lineNumber":11,"author":{"gitId":"badassengineer"},"content":"    public String execute(String userInput, ArrayList\u003cTask\u003e taskList, Storage storage, File file) throws DukeException {","lastModifiedDate":"2023-03-20"},{"lineNumber":12,"author":{"gitId":"-"},"content":"        try {","lastModifiedDate":"2022-09-18"},{"lineNumber":13,"author":{"gitId":"badassengineer"},"content":"            String newLine \u003d System.getProperty(\"line.separator\");","lastModifiedDate":"2023-03-20"},{"lineNumber":14,"author":{"gitId":"-"},"content":"            int unmarkTaskIndex \u003d Integer.parseInt(userInput.substring(7)) - 1;","lastModifiedDate":"2022-09-18"},{"lineNumber":15,"author":{"gitId":"-"},"content":"","lastModifiedDate":"2022-09-18"},{"lineNumber":16,"author":{"gitId":"-"},"content":"            taskList.get(unmarkTaskIndex).setStatusIcon(\"unmark\");","lastModifiedDate":"2022-09-18"},{"lineNumber":17,"author":{"gitId":"-"},"content":"            storage.updateTaskFile(taskList, file);","lastModifiedDate":"2022-09-18"},{"lineNumber":18,"author":{"gitId":"badassengineer"},"content":"","lastModifiedDate":"2023-03-20"},{"lineNumber":19,"author":{"gitId":"badassengineer"},"content":"            return \"    OK, I\u0027ve marked this task as not done yet:\"","lastModifiedDate":"2023-03-20"},{"lineNumber":20,"author":{"gitId":"badassengineer"},"content":"                    .concat(newLine)","lastModifiedDate":"2023-03-20"},{"lineNumber":21,"author":{"gitId":"badassengineer"},"content":"                    .concat(\"      \" + taskList.get(unmarkTaskIndex));","lastModifiedDate":"2023-03-20"},{"lineNumber":22,"author":{"gitId":"-"},"content":"        } catch (StringIndexOutOfBoundsException e) {","lastModifiedDate":"2022-09-18"},{"lineNumber":23,"author":{"gitId":"badassengineer"},"content":"            return \"\\u2639 \" + \"Check the Duke basic input commands!!! Correct input format for \u0027unmark\u0027 keyword must be provided.\";","lastModifiedDate":"2023-03-20"},{"lineNumber":24,"author":{"gitId":"-"},"content":"        } catch (IndexOutOfBoundsException e) {","lastModifiedDate":"2022-09-18"},{"lineNumber":25,"author":{"gitId":"badassengineer"},"content":"            return \"\\u2639 \" + \"OOPS!!! It\u0027s either the task\u0027s list is empty or the index entered is out of bound.\";","lastModifiedDate":"2023-03-20"},{"lineNumber":26,"author":{"gitId":"-"},"content":"        } catch (NumberFormatException e) {","lastModifiedDate":"2022-09-18"},{"lineNumber":27,"author":{"gitId":"badassengineer"},"content":"            return \"\\u2639 \" + \"Check the Duke basic input commands!!! \u0027unmark\u0027 keyword must be followed by a positive integer.\";","lastModifiedDate":"2023-03-20"},{"lineNumber":28,"author":{"gitId":"-"},"content":"        } catch (DukeException e) {","lastModifiedDate":"2022-09-18"},{"lineNumber":29,"author":{"gitId":"badassengineer"},"content":"            return \"Something went wrong: \" + e.getMessage();","lastModifiedDate":"2023-03-20"},{"lineNumber":30,"author":{"gitId":"-"},"content":"        }","lastModifiedDate":"2022-09-18"},{"lineNumber":31,"author":{"gitId":"-"},"content":"    }","lastModifiedDate":"2022-09-18"},{"lineNumber":32,"author":{"gitId":"-"},"content":"}","lastModifiedDate":"2022-09-18"}],"authorContributionMap":{"badassengineer":10,"-":22}},{"path":"src/main/java/duke/parser/Parser.java","fileType":"java","lines":[{"lineNumber":1,"author":{"gitId":"-"},"content":"package duke.parser;","lastModifiedDate":"2022-09-18"},{"lineNumber":2,"author":{"gitId":"-"},"content":"","lastModifiedDate":"2022-10-02"},{"lineNumber":3,"author":{"gitId":"-"},"content":"import duke.storage.Storage;","lastModifiedDate":"2022-09-18"},{"lineNumber":4,"author":{"gitId":"-"},"content":"import duke.task.Task;","lastModifiedDate":"2022-09-18"},{"lineNumber":5,"author":{"gitId":"-"},"content":"import duke.commands.*;","lastModifiedDate":"2022-09-18"},{"lineNumber":6,"author":{"gitId":"-"},"content":"import duke.exception.DukeException;","lastModifiedDate":"2022-09-18"},{"lineNumber":7,"author":{"gitId":"-"},"content":"import java.io.File;","lastModifiedDate":"2022-09-18"},{"lineNumber":8,"author":{"gitId":"-"},"content":"import java.io.FileNotFoundException;","lastModifiedDate":"2022-09-18"},{"lineNumber":9,"author":{"gitId":"-"},"content":"import java.nio.file.Path;","lastModifiedDate":"2022-09-18"},{"lineNumber":10,"author":{"gitId":"-"},"content":"import java.util.Scanner;","lastModifiedDate":"2022-09-18"},{"lineNumber":11,"author":{"gitId":"-"},"content":"","lastModifiedDate":"2022-09-18"},{"lineNumber":12,"author":{"gitId":"-"},"content":"public class Parser {","lastModifiedDate":"2022-09-18"},{"lineNumber":13,"author":{"gitId":"badassengineer"},"content":"    public static String parseTaskFromFile(Path pathFile, Storage storage) {","lastModifiedDate":"2023-03-20"},{"lineNumber":14,"author":{"gitId":"-"},"content":"        try {","lastModifiedDate":"2022-09-18"},{"lineNumber":15,"author":{"gitId":"-"},"content":"            File f \u003d pathFile.toFile();","lastModifiedDate":"2022-09-18"},{"lineNumber":16,"author":{"gitId":"-"},"content":"            Scanner s \u003d new Scanner(f);","lastModifiedDate":"2022-09-18"},{"lineNumber":17,"author":{"gitId":"-"},"content":"","lastModifiedDate":"2022-09-18"},{"lineNumber":18,"author":{"gitId":"-"},"content":"            while (s.hasNext()) {","lastModifiedDate":"2022-09-18"},{"lineNumber":19,"author":{"gitId":"-"},"content":"                String line \u003d s.nextLine();","lastModifiedDate":"2022-09-18"},{"lineNumber":20,"author":{"gitId":"-"},"content":"                boolean taskStatus \u003d false;","lastModifiedDate":"2022-09-18"},{"lineNumber":21,"author":{"gitId":"-"},"content":"","lastModifiedDate":"2022-09-18"},{"lineNumber":22,"author":{"gitId":"-"},"content":"                if (line.charAt(4) \u003d\u003d \u0027X\u0027) {","lastModifiedDate":"2022-09-18"},{"lineNumber":23,"author":{"gitId":"-"},"content":"                    taskStatus \u003d true;","lastModifiedDate":"2022-09-18"},{"lineNumber":24,"author":{"gitId":"-"},"content":"                }","lastModifiedDate":"2022-09-18"},{"lineNumber":25,"author":{"gitId":"-"},"content":"","lastModifiedDate":"2022-09-18"},{"lineNumber":26,"author":{"gitId":"-"},"content":"                if (line.startsWith(\"[T]\")) {","lastModifiedDate":"2022-09-18"},{"lineNumber":27,"author":{"gitId":"-"},"content":"                    storage.loadTaskFromFile(\"todo \" + line.substring(7), taskStatus);","lastModifiedDate":"2022-09-18"},{"lineNumber":28,"author":{"gitId":"-"},"content":"                } else if (line.startsWith(\"[D]\")) {","lastModifiedDate":"2022-09-18"},{"lineNumber":29,"author":{"gitId":"-"},"content":"                    storage.loadTaskFromFile(\"deadline \" + line.substring(7, line.indexOf(\" (\")) + \" /by \" + line.substring(line.indexOf(\" (\") + 6, line.indexOf(\")\")), taskStatus);","lastModifiedDate":"2022-09-18"},{"lineNumber":30,"author":{"gitId":"-"},"content":"                } else if (line.startsWith(\"[E]\")) {","lastModifiedDate":"2022-09-18"},{"lineNumber":31,"author":{"gitId":"-"},"content":"                    storage.loadTaskFromFile(\"event \" + line.substring(7, line.indexOf(\" (\")) + \" /at \" + line.substring(line.indexOf(\" (\") + 6, line.indexOf(\")\")), taskStatus);","lastModifiedDate":"2022-09-18"},{"lineNumber":32,"author":{"gitId":"-"},"content":"                }","lastModifiedDate":"2022-09-18"},{"lineNumber":33,"author":{"gitId":"-"},"content":"            }","lastModifiedDate":"2022-09-18"},{"lineNumber":34,"author":{"gitId":"badassengineer"},"content":"            return \"    Currently, you have \" + Task.getTotalTask() + \" task(s) in the list.\\n\";","lastModifiedDate":"2023-03-20"},{"lineNumber":35,"author":{"gitId":"-"},"content":"        } catch (FileNotFoundException e) {","lastModifiedDate":"2022-09-18"},{"lineNumber":36,"author":{"gitId":"badassengineer"},"content":"            return \"File not found: \" + e.getMessage();","lastModifiedDate":"2023-03-20"},{"lineNumber":37,"author":{"gitId":"-"},"content":"        }","lastModifiedDate":"2022-09-18"},{"lineNumber":38,"author":{"gitId":"-"},"content":"    }","lastModifiedDate":"2022-09-18"},{"lineNumber":39,"author":{"gitId":"-"},"content":"","lastModifiedDate":"2022-09-18"},{"lineNumber":40,"author":{"gitId":"-"},"content":"    public static Command parseUserInput(String userInput) throws DukeException {","lastModifiedDate":"2022-09-18"},{"lineNumber":41,"author":{"gitId":"-"},"content":"        String[] firstWord \u003d userInput.split(\" \", 2);","lastModifiedDate":"2022-09-18"},{"lineNumber":42,"author":{"gitId":"-"},"content":"","lastModifiedDate":"2022-09-18"},{"lineNumber":43,"author":{"gitId":"-"},"content":"        switch (firstWord[0]) {","lastModifiedDate":"2022-09-18"},{"lineNumber":44,"author":{"gitId":"-"},"content":"            case \"bye\": return new ExitCommand();","lastModifiedDate":"2022-09-18"},{"lineNumber":45,"author":{"gitId":"-"},"content":"            case \"list\": return new ListCommand();","lastModifiedDate":"2022-09-18"},{"lineNumber":46,"author":{"gitId":"-"},"content":"            case \"mark\": return new MarkCommand();","lastModifiedDate":"2022-09-18"},{"lineNumber":47,"author":{"gitId":"-"},"content":"            case \"unmark\": return new UnmarkCommand();","lastModifiedDate":"2022-09-18"},{"lineNumber":48,"author":{"gitId":"-"},"content":"            case \"todo\":","lastModifiedDate":"2022-09-18"},{"lineNumber":49,"author":{"gitId":"-"},"content":"            case \"deadline\":","lastModifiedDate":"2022-09-18"},{"lineNumber":50,"author":{"gitId":"-"},"content":"            case \"event\":","lastModifiedDate":"2022-09-18"},{"lineNumber":51,"author":{"gitId":"-"},"content":"                return new AddCommand();","lastModifiedDate":"2022-09-18"},{"lineNumber":52,"author":{"gitId":"-"},"content":"            case \"delete\": return new DeleteCommand();","lastModifiedDate":"2022-09-18"},{"lineNumber":53,"author":{"gitId":"-"},"content":"            case \"find\": return new FindCommand();","lastModifiedDate":"2022-09-29"},{"lineNumber":54,"author":{"gitId":"-"},"content":"            default: throw new DukeException(\"\\u2639 \" + \"OOPS!!! I\u0027m sorry, but I don\u0027t know what that means :-(\");","lastModifiedDate":"2022-09-18"},{"lineNumber":55,"author":{"gitId":"-"},"content":"        }","lastModifiedDate":"2022-09-18"},{"lineNumber":56,"author":{"gitId":"-"},"content":"    }","lastModifiedDate":"2022-09-18"},{"lineNumber":57,"author":{"gitId":"-"},"content":"}","lastModifiedDate":"2022-09-18"}],"authorContributionMap":{"badassengineer":3,"-":54}},{"path":"src/main/resources/view/DialogBox.fxml","fileType":"fxml","lines":[{"lineNumber":1,"author":{"gitId":"badassengineer"},"content":"\u003c?xml version\u003d\"1.0\" encoding\u003d\"UTF-8\"?\u003e","lastModifiedDate":"2023-03-20"},{"lineNumber":2,"author":{"gitId":"badassengineer"},"content":"","lastModifiedDate":"2023-03-20"},{"lineNumber":3,"author":{"gitId":"badassengineer"},"content":"\u003c?import javafx.geometry.Insets?\u003e","lastModifiedDate":"2023-03-20"},{"lineNumber":4,"author":{"gitId":"badassengineer"},"content":"\u003c?import javafx.scene.control.Label?\u003e","lastModifiedDate":"2023-03-20"},{"lineNumber":5,"author":{"gitId":"badassengineer"},"content":"\u003c?import javafx.scene.image.ImageView?\u003e","lastModifiedDate":"2023-03-20"},{"lineNumber":6,"author":{"gitId":"badassengineer"},"content":"\u003c?import javafx.scene.layout.HBox?\u003e","lastModifiedDate":"2023-03-20"},{"lineNumber":7,"author":{"gitId":"badassengineer"},"content":"","lastModifiedDate":"2023-03-20"},{"lineNumber":8,"author":{"gitId":"badassengineer"},"content":"\u003cfx:root alignment\u003d\"CENTER_RIGHT\" maxHeight\u003d\"1.7976931348623157E308\" maxWidth\u003d\"1.7976931348623157E308\" prefWidth\u003d\"400.0\" type\u003d\"javafx.scene.layout.HBox\" xmlns\u003d\"http://javafx.com/javafx/19\" xmlns:fx\u003d\"http://javafx.com/fxml/1\"\u003e","lastModifiedDate":"2023-03-20"},{"lineNumber":9,"author":{"gitId":"badassengineer"},"content":"    \u003cchildren\u003e","lastModifiedDate":"2023-03-20"},{"lineNumber":10,"author":{"gitId":"badassengineer"},"content":"        \u003cLabel fx:id\u003d\"dialog\" text\u003d\"Label\" wrapText\u003d\"true\" /\u003e","lastModifiedDate":"2023-03-20"},{"lineNumber":11,"author":{"gitId":"badassengineer"},"content":"        \u003cImageView fx:id\u003d\"displayPicture\" fitHeight\u003d\"99.0\" fitWidth\u003d\"99.0\" pickOnBounds\u003d\"true\" preserveRatio\u003d\"true\" /\u003e","lastModifiedDate":"2023-03-20"},{"lineNumber":12,"author":{"gitId":"badassengineer"},"content":"    \u003c/children\u003e","lastModifiedDate":"2023-03-20"},{"lineNumber":13,"author":{"gitId":"badassengineer"},"content":"    \u003cpadding\u003e","lastModifiedDate":"2023-03-20"},{"lineNumber":14,"author":{"gitId":"badassengineer"},"content":"        \u003cInsets bottom\u003d\"15.0\" left\u003d\"5.0\" right\u003d\"5.0\" top\u003d\"15.0\" /\u003e","lastModifiedDate":"2023-03-20"},{"lineNumber":15,"author":{"gitId":"badassengineer"},"content":"    \u003c/padding\u003e","lastModifiedDate":"2023-03-20"},{"lineNumber":16,"author":{"gitId":"badassengineer"},"content":"\u003c/fx:root\u003e","lastModifiedDate":"2023-03-20"}],"authorContributionMap":{"badassengineer":16}},{"path":"src/main/resources/view/MainWindow.fxml","fileType":"fxml","lines":[{"lineNumber":1,"author":{"gitId":"badassengineer"},"content":"\u003c?xml version\u003d\"1.0\" encoding\u003d\"UTF-8\"?\u003e","lastModifiedDate":"2023-03-20"},{"lineNumber":2,"author":{"gitId":"badassengineer"},"content":"","lastModifiedDate":"2023-03-20"},{"lineNumber":3,"author":{"gitId":"badassengineer"},"content":"\u003c?import javafx.scene.control.Button?\u003e","lastModifiedDate":"2023-03-20"},{"lineNumber":4,"author":{"gitId":"badassengineer"},"content":"\u003c?import javafx.scene.control.ScrollPane?\u003e","lastModifiedDate":"2023-03-20"},{"lineNumber":5,"author":{"gitId":"badassengineer"},"content":"\u003c?import javafx.scene.control.TextField?\u003e","lastModifiedDate":"2023-03-20"},{"lineNumber":6,"author":{"gitId":"badassengineer"},"content":"\u003c?import javafx.scene.layout.AnchorPane?\u003e","lastModifiedDate":"2023-03-20"},{"lineNumber":7,"author":{"gitId":"badassengineer"},"content":"\u003c?import javafx.scene.layout.VBox?\u003e","lastModifiedDate":"2023-03-20"},{"lineNumber":8,"author":{"gitId":"badassengineer"},"content":"","lastModifiedDate":"2023-03-20"},{"lineNumber":9,"author":{"gitId":"badassengineer"},"content":"\u003cAnchorPane maxHeight\u003d\"-Infinity\" maxWidth\u003d\"-Infinity\" minHeight\u003d\"-Infinity\" minWidth\u003d\"-Infinity\" prefHeight\u003d\"600.0\" prefWidth\u003d\"400.0\" xmlns\u003d\"http://javafx.com/javafx/8.0.171\" xmlns:fx\u003d\"http://javafx.com/fxml/1\" fx:controller\u003d\"MainWindow\"\u003e","lastModifiedDate":"2023-03-20"},{"lineNumber":10,"author":{"gitId":"badassengineer"},"content":"    \u003cchildren\u003e","lastModifiedDate":"2023-03-20"},{"lineNumber":11,"author":{"gitId":"badassengineer"},"content":"        \u003cTextField fx:id\u003d\"userInput\" layoutY\u003d\"558.0\" onAction\u003d\"#handleUserInput\" prefHeight\u003d\"41.0\" prefWidth\u003d\"324.0\" AnchorPane.bottomAnchor\u003d\"1.0\" /\u003e","lastModifiedDate":"2023-03-20"},{"lineNumber":12,"author":{"gitId":"badassengineer"},"content":"        \u003cButton fx:id\u003d\"sendButton\" layoutX\u003d\"324.0\" layoutY\u003d\"558.0\" mnemonicParsing\u003d\"false\" onAction\u003d\"#handleUserInput\" prefHeight\u003d\"41.0\" prefWidth\u003d\"76.0\" text\u003d\"Send\" /\u003e","lastModifiedDate":"2023-03-20"},{"lineNumber":13,"author":{"gitId":"badassengineer"},"content":"        \u003cScrollPane fx:id\u003d\"scrollPane\" hbarPolicy\u003d\"NEVER\" hvalue\u003d\"1.0\" prefHeight\u003d\"557.0\" prefWidth\u003d\"400.0\" vvalue\u003d\"1.0\"\u003e","lastModifiedDate":"2023-03-20"},{"lineNumber":14,"author":{"gitId":"badassengineer"},"content":"            \u003ccontent\u003e","lastModifiedDate":"2023-03-20"},{"lineNumber":15,"author":{"gitId":"badassengineer"},"content":"                \u003cVBox fx:id\u003d\"dialogContainer\" prefHeight\u003d\"552.0\" prefWidth\u003d\"388.0\" /\u003e","lastModifiedDate":"2023-03-20"},{"lineNumber":16,"author":{"gitId":"badassengineer"},"content":"            \u003c/content\u003e","lastModifiedDate":"2023-03-20"},{"lineNumber":17,"author":{"gitId":"badassengineer"},"content":"        \u003c/ScrollPane\u003e","lastModifiedDate":"2023-03-20"},{"lineNumber":18,"author":{"gitId":"badassengineer"},"content":"    \u003c/children\u003e","lastModifiedDate":"2023-03-20"},{"lineNumber":19,"author":{"gitId":"badassengineer"},"content":"\u003c/AnchorPane\u003e","lastModifiedDate":"2023-03-20"}],"authorContributionMap":{"badassengineer":19}}]
