{"authorDailyContributionsMap":{"badassengineer":[{"date":"2023-02-13","commitResults":[{"hash":"976ea709b94067faec902b1fe6cc0b92244b4b8d","messageTitle":"CheckStyle added.","messageBody":"","fileTypesAndContributionMap":{"gradle":{"insertions":5,"deletions":0}}}]}]},"authorFileTypeContributionMap":{"badassengineer":{"java":0,"md":0,"fxml":0,"sh":0,"bat":0,"gradle":5,"txt":0}},"authorContributionVariance":{"badassengineer":0.75683594},"authorDisplayNameMap":{"badassengineer":"TIC4002-F16-1 RABA..RROT"}}
