{"authorDailyContributionsMap":{"badassengineer":[{"date":"2023-02-13","commitResults":[{"hash":"ddda4f5e8bc7d63e66c93fd3984cecb99ed09ce0","isMergeCommit":true,"messageTitle":"Adding gradle support.","messageBody":"","tags":["A-Gradle","A-CheckStyle"],"fileTypesAndContributionMap":{}},{"hash":"976ea709b94067faec902b1fe6cc0b92244b4b8d","isMergeCommit":false,"messageTitle":"CheckStyle added.","messageBody":"","fileTypesAndContributionMap":{"gradle":{"insertions":5,"deletions":0}}},{"hash":"11f5d5cc0bd4f23ee2136ea30bdff9528ba638aa","isMergeCommit":true,"messageTitle":"CheckStyle added.","messageBody":"","fileTypesAndContributionMap":{}}]},{"date":"2023-03-20","commitResults":[{"hash":"4b1c332daadb0c44a226d02ffdb94a3eeed36d98","isMergeCommit":false,"messageTitle":"Add a GUI.","messageBody":"","fileTypesAndContributionMap":{"gradle":{"insertions":15,"deletions":0},"fxml":{"insertions":35,"deletions":0},"java":{"insertions":231,"deletions":144},"md":{"insertions":1,"deletions":1}}},{"hash":"db7da3431003aed513944d4c8defff75717c2034","isMergeCommit":true,"messageTitle":"Add a GUI.","messageBody":"","tags":["Level-10"],"fileTypesAndContributionMap":{}}]}]},"authorFileTypeContributionMap":{"badassengineer":{"java":230,"md":1,"fxml":35,"sh":0,"bat":0,"gradle":20,"txt":0}},"authorContributionVariance":{"badassengineer":2680.128},"authorDisplayNameMap":{"badassengineer":"TIC4002-F16-1 RABA..RROT"}}
