{"authorDailyContributionsMap":{"badassengineer":[{"date":"2023-02-13","commitResults":[{"hash":"ddda4f5e8bc7d63e66c93fd3984cecb99ed09ce0","isMergeCommit":true,"messageTitle":"Adding gradle support.","messageBody":"","tags":["A-Gradle","A-CheckStyle"],"fileTypesAndContributionMap":{}},{"hash":"976ea709b94067faec902b1fe6cc0b92244b4b8d","isMergeCommit":false,"messageTitle":"CheckStyle added.","messageBody":"","fileTypesAndContributionMap":{"gradle":{"insertions":5,"deletions":0}}},{"hash":"11f5d5cc0bd4f23ee2136ea30bdff9528ba638aa","isMergeCommit":true,"messageTitle":"CheckStyle added.","messageBody":"","fileTypesAndContributionMap":{}}]},{"date":"2023-03-20","commitResults":[{"hash":"4b1c332daadb0c44a226d02ffdb94a3eeed36d98","isMergeCommit":false,"messageTitle":"Add a GUI.","messageBody":"","fileTypesAndContributionMap":{"gradle":{"insertions":15,"deletions":0},"fxml":{"insertions":35,"deletions":0},"java":{"insertions":231,"deletions":144},"md":{"insertions":1,"deletions":1}}},{"hash":"db7da3431003aed513944d4c8defff75717c2034","isMergeCommit":true,"messageTitle":"Add a GUI.","messageBody":"","tags":["Level-10"],"fileTypesAndContributionMap":{}}]},{"date":"2023-03-21","commitResults":[{"hash":"559d6b6643da652ce22ae1ea7a49bc58d99d16bb","isMergeCommit":false,"messageTitle":"Set up CI.","messageBody":"","fileTypesAndContributionMap":{"gradle":{"insertions":1,"deletions":1}}},{"hash":"6dcceae88fc1069a575c84d07ca98b78520d7056","isMergeCommit":true,"messageTitle":"Set up CI.","messageBody":"","tags":["BCD-Extension","A-CI"],"fileTypesAndContributionMap":{}},{"hash":"514ddc9e3180f87fa52d6462a5dcc03762327985","isMergeCommit":false,"messageTitle":"Add an extension.","messageBody":"","fileTypesAndContributionMap":{"java":{"insertions":26,"deletions":10}}},{"hash":"d09a5471a2f0ecfcb0f91b8a60bf7215b9202359","isMergeCommit":true,"messageTitle":"Merge branch \u0027branch-BCD-Extension\u0027","messageBody":"","tags":["A-HigherCodingQuality"],"fileTypesAndContributionMap":{}}]},{"date":"2023-03-22","commitResults":[{"hash":"be1d114d0ffdc4e768374f49f07defcc0482ab69","isMergeCommit":false,"messageTitle":"Release.","messageBody":"","fileTypesAndContributionMap":{"java":{"insertions":13,"deletions":7},"md":{"insertions":134,"deletions":44}}},{"hash":"aa7996416fa84cfd82d75533134bd26831378ec9","isMergeCommit":true,"messageTitle":"Release.","messageBody":"","tags":["A-Release"],"fileTypesAndContributionMap":{}}]}]},"authorFileTypeContributionMap":{"badassengineer":{"java":266,"md":134,"fxml":35,"sh":0,"bat":0,"gradle":21,"txt":0}},"authorContributionVariance":{"badassengineer":3138.1882},"authorDisplayNameMap":{"badassengineer":"TIC4002-F16-1 RABA..RROT"}}
