{"authorDailyContributionsMap":{"badassengineer":[{"date":"2023-02-13","commitResults":[{"hash":"ddda4f5e8bc7d63e66c93fd3984cecb99ed09ce0","isMergeCommit":true,"messageTitle":"Adding gradle support.","messageBody":"","tags":["A-Gradle","A-CheckStyle"],"fileTypesAndContributionMap":{}},{"hash":"976ea709b94067faec902b1fe6cc0b92244b4b8d","isMergeCommit":false,"messageTitle":"CheckStyle added.","messageBody":"","fileTypesAndContributionMap":{"gradle":{"insertions":5,"deletions":0}}},{"hash":"11f5d5cc0bd4f23ee2136ea30bdff9528ba638aa","isMergeCommit":true,"messageTitle":"CheckStyle added.","messageBody":"","fileTypesAndContributionMap":{}}]}]},"authorFileTypeContributionMap":{"badassengineer":{"java":0,"md":0,"fxml":0,"sh":0,"bat":0,"gradle":5,"txt":0}},"authorContributionVariance":{"badassengineer":0.75683594},"authorDisplayNameMap":{"badassengineer":"TIC4002-F16-1 RABA..RROT"}}
